Date,Location,MinTemp,MaxTemp,Humidity9am,Humidity3pm,Pressure9am,Pressure3pm,WindSpeed9am,WindSpeed3pm,RainToday,RainTomorrow
2025-01-01,Mumbai,20.6,28.7,67,37,1001.4,1007.0,10,13,No,No
2025-01-02,New Delhi,29.3,35.8,46,34,1008.3,1005.7,10,5,No,No
2025-01-03,Mumbai,26.0,42.5,74,89,1009.6,998.9,16,23,Yes,Yes
2025-01-04,Kolkata,24.0,39.6,94,38,1010.6,1002.3,16,9,No,No
2025-01-05,New Delhi,17.3,41.1,67,30,1005.6,999.4,14,23,Yes,No
2025-01-06,Bangalore,17.3,38.2,53,65,1008.5,1012.5,10,5,No,No
2025-01-07,Bangalore,15.9,38.8,95,64,1006.8,1000.0,21,19,No,No
2025-01-08,Chennai,28.0,42.0,49,31,1010.1,1000.3,23,20,No,No
2025-01-09,Mumbai,24.0,30.0,55,69,1008.8,1011.3,22,11,Yes,Yes
2025-01-10,New Delhi,25.6,34.8,55,52,1007.9,1012.2,10,16,Yes,No
2025-01-11,Chennai,15.3,29.4,93,38,1003.7,1009.5,23,12,Yes,No
2025-01-12,Mumbai,29.5,44.8,70,63,1000.0,998.1,14,9,No,No
2025-01-13,Bangalore,27.5,43.9,81,75,1002.6,998.0,12,14,No,No
2025-01-14,New Delhi,18.2,25.8,64,43,1001.8,1003.7,10,9,Yes,No
2025-01-15,Chennai,17.7,39.1,52,33,1006.7,1000.2,11,21,Yes,No
2025-01-16,Bangalore,17.8,43.5,45,59,1009.2,998.3,5,9,No,No
2025-01-17,Mumbai,19.6,28.6,83,60,1003.2,1005.0,22,19,Yes,No
2025-01-18,Bangalore,22.9,36.4,48,67,1014.1,1012.1,24,17,No,No
2025-01-19,Chennai,21.5,43.3,84,40,1000.1,1002.9,16,5,Yes,No
2025-01-20,Chennai,19.4,25.7,75,64,1011.6,1007.9,20,15,Yes,Yes
2025-01-21,Bangalore,24.2,38.9,95,37,1009.4,1007.8,14,5,Yes,No
2025-01-22,Bangalore,17.1,30.9,82,32,1005.6,1001.8,14,15,No,No
2025-01-23,Bangalore,19.4,43.5,59,43,1000.8,1007.8,18,22,No,No
2025-01-24,Mumbai,20.5,44.4,57,89,1009.4,1001.2,24,22,Yes,Yes
2025-01-25,Bangalore,21.8,43.9,97,42,1005.8,999.8,14,20,No,No
2025-01-26,Chennai,26.8,34.5,82,74,1014.0,1008.5,14,17,No,No
2025-01-27,Mumbai,18.0,42.2,96,61,1008.1,999.7,15,11,No,No
2025-01-28,Bangalore,22.7,41.9,60,63,1014.1,1013.0,6,5,No,No
2025-01-29,Mumbai,23.9,31.4,43,74,1003.3,1000.8,24,20,Yes,Yes
2025-01-30,Chennai,15.7,41.6,89,48,1010.9,1006.9,12,5,No,No
2025-01-31,Mumbai,24.1,25.7,72,88,1009.3,1004.2,11,21,No,No
2025-02-01,New Delhi,17.6,36.9,66,67,1011.1,999.9,12,10,Yes,Yes
2025-02-02,Mumbai,16.0,29.6,46,45,1003.2,998.4,5,6,No,No
2025-02-03,New Delhi,29.2,27.4,45,31,1010.0,1007.3,6,21,No,No
2025-02-04,Mumbai,29.5,26.5,54,69,1007.5,1010.1,22,10,No,No
2025-02-05,Bangalore,27.1,38.9,57,46,1011.1,1010.6,19,18,Yes,No
2025-02-06,New Delhi,19.6,31.8,71,84,1004.9,1005.2,5,22,Yes,Yes
2025-02-07,Kolkata,16.5,39.5,95,63,1013.4,1009.7,9,10,No,No
2025-02-08,Mumbai,25.3,26.3,50,71,1001.3,1008.1,6,14,No,Yes
2025-02-09,Mumbai,21.6,31.3,59,89,1012.1,1008.9,24,22,Yes,Yes
2025-02-10,Kolkata,16.8,35.8,63,45,1012.9,1005.4,7,13,Yes,No
2025-02-11,Mumbai,22.4,40.8,54,67,1012.3,1007.5,23,12,Yes,No
2025-02-12,Bangalore,15.5,31.4,87,89,1007.7,1010.1,22,14,No,Yes
2025-02-13,Mumbai,28.6,37.5,46,31,1006.6,1004.0,22,21,No,No
2025-02-14,Mumbai,18.9,42.7,60,31,1014.9,1010.1,18,10,Yes,No
2025-02-15,Chennai,24.9,37.3,81,55,1003.4,1006.9,12,18,No,No
2025-02-16,Kolkata,19.7,29.7,65,42,1008.2,1000.5,16,10,No,No
2025-02-17,Bangalore,22.8,25.5,83,85,1010.1,998.4,14,11,No,Yes
2025-02-18,Chennai,23.2,42.4,95,76,1010.5,1003.4,24,16,No,No
2025-02-19,Kolkata,17.8,25.4,53,60,1003.1,1006.2,21,7,No,No
2025-02-20,Chennai,29.5,42.5,96,89,1009.8,1010.6,15,18,No,Yes
2025-02-21,Chennai,26.6,35.6,76,63,1012.3,999.9,6,23,No,No
2025-02-22,New Delhi,29.1,43.8,97,68,1000.8,1010.0,8,20,Yes,Yes
2025-02-23,New Delhi,28.4,41.0,60,32,1013.7,1010.9,5,11,Yes,No
2025-02-24,New Delhi,24.0,45.0,57,37,1000.4,1000.3,19,12,Yes,No
2025-02-25,Chennai,28.8,32.0,44,52,1005.3,1010.8,17,22,Yes,No
2025-02-26,Chennai,16.3,40.3,42,43,1000.2,1012.9,12,17,Yes,No
2025-02-27,New Delhi,17.9,33.0,62,85,1001.2,1008.9,8,13,Yes,Yes
2025-02-28,Chennai,15.7,34.6,65,84,1013.7,1009.8,14,14,Yes,Yes
2025-03-01,Kolkata,19.9,37.6,76,56,1005.3,1012.9,23,13,Yes,No
2025-03-02,Chennai,20.8,42.5,63,83,1006.4,1007.1,22,19,Yes,Yes
2025-03-03,Kolkata,19.1,44.7,88,58,1003.2,1002.6,9,24,No,No
2025-03-04,Kolkata,27.4,40.4,58,68,1009.0,1010.6,23,6,No,No
2025-03-05,Kolkata,20.4,33.4,90,82,1008.9,1007.2,20,17,Yes,Yes
2025-03-06,New Delhi,19.2,33.4,64,68,1005.6,1006.7,5,6,No,No
2025-03-07,New Delhi,23.1,39.8,60,30,1005.0,1001.8,16,23,No,No
2025-03-08,Bangalore,17.1,29.8,51,46,1013.3,1009.3,6,6,Yes,No
2025-03-09,Chennai,27.0,27.2,96,70,1005.7,999.2,12,7,Yes,Yes
2025-03-10,Chennai,16.1,32.1,80,59,1007.4,1011.9,22,10,Yes,No
2025-03-11,Kolkata,29.8,30.7,72,82,1004.2,1002.9,20,7,No,Yes
2025-03-12,New Delhi,26.6,30.9,89,42,1011.8,999.9,9,14,No,No
2025-03-13,Bangalore,18.0,29.7,92,50,1006.0,1004.6,17,10,Yes,No
2025-03-14,Mumbai,15.1,25.8,43,48,1007.7,998.6,23,20,No,No
2025-03-15,Mumbai,27.2,25.4,81,82,1003.8,1008.3,7,21,No,No
2025-03-16,Chennai,25.6,44.8,96,48,1014.8,1011.5,12,23,No,No
2025-03-17,New Delhi,25.9,33.6,46,86,1004.4,1010.6,16,7,Yes,Yes
2025-03-18,Kolkata,26.6,32.7,61,54,1011.6,999.9,6,22,No,No
2025-03-19,Mumbai,16.1,38.6,94,51,1006.4,999.9,15,11,No,No
2025-03-20,New Delhi,20.4,29.4,72,60,1003.1,1010.2,16,13,No,No
2025-03-21,Mumbai,16.7,44.0,56,46,1012.0,1011.9,22,24,No,No
2025-03-22,Mumbai,27.9,40.7,63,84,1005.0,1004.9,17,16,No,No
2025-03-23,Bangalore,24.3,26.8,73,52,1013.0,1005.5,9,9,No,No
2025-03-24,New Delhi,20.0,33.4,67,61,1013.7,1002.8,16,7,No,No
2025-03-25,New Delhi,16.0,42.6,97,39,1012.9,1011.4,6,15,Yes,No
2025-03-26,Kolkata,19.7,43.9,82,39,1000.5,1007.7,9,8,Yes,No
2025-03-27,Mumbai,19.9,34.3,80,65,1011.8,1002.3,11,9,No,No
2025-03-28,Kolkata,25.9,37.3,78,37,1006.2,1002.5,16,5,Yes,No
2025-03-29,Chennai,24.6,28.3,61,83,1013.1,1011.4,20,22,No,No
2025-03-30,Bangalore,28.3,44.8,88,81,1009.6,998.2,12,16,No,No
2025-03-31,New Delhi,22.1,29.6,56,49,1012.5,1002.8,13,17,No,No
2025-04-01,Chennai,16.8,43.9,73,61,1007.5,1006.3,19,13,Yes,No
2025-04-02,Kolkata,25.7,38.0,45,79,1008.0,1000.2,9,6,No,No
2025-04-03,Mumbai,26.4,37.2,85,43,1002.2,999.4,17,9,No,No
2025-04-04,New Delhi,23.4,35.3,45,79,1011.8,1010.2,9,17,Yes,Yes
2025-04-05,New Delhi,26.6,29.6,73,57,1006.3,1011.4,15,20,Yes,No
2025-04-06,Chennai,22.4,28.5,40,75,1007.5,1010.4,14,20,No,No
2025-04-07,Bangalore,22.8,29.4,49,81,1011.8,1011.5,24,7,Yes,Yes
2025-04-08,New Delhi,21.4,28.7,60,82,1009.0,1006.3,17,8,Yes,Yes
2025-04-09,Mumbai,15.4,40.6,44,53,1003.0,1010.2,13,15,No,No
2025-04-10,Mumbai,16.6,32.0,41,44,1008.9,1003.8,18,18,No,No
2025-04-11,Kolkata,15.5,26.2,61,51,1006.1,1008.0,22,7,No,No
2025-04-12,New Delhi,24.5,44.4,87,59,1007.0,1012.8,19,20,Yes,No
2025-04-13,Chennai,19.7,42.7,96,33,1000.4,1001.4,14,19,Yes,No
2025-04-14,New Delhi,22.6,43.6,41,42,1003.2,1003.8,11,14,Yes,No
2025-04-15,Mumbai,28.6,44.9,49,88,1004.2,1005.2,12,13,No,Yes
2025-04-16,Bangalore,18.7,28.5,73,52,1010.7,1000.1,7,15,Yes,No
2025-04-17,Mumbai,21.2,32.9,55,37,1000.2,999.2,19,20,Yes,No
2025-04-18,Mumbai,26.3,40.2,87,47,1006.1,1010.4,20,14,No,No
2025-04-19,Bangalore,18.4,38.9,90,41,1013.9,1012.7,8,21,No,No
2025-04-20,Mumbai,16.2,28.1,78,84,1001.7,1004.1,10,23,No,Yes
2025-04-21,Mumbai,19.3,41.3,61,60,1007.7,999.3,5,6,Yes,No
2025-04-22,Mumbai,17.4,29.5,51,43,1011.8,999.0,8,6,No,No
2025-04-23,Kolkata,28.9,29.5,63,63,1014.1,1011.4,15,10,Yes,No
2025-04-24,Mumbai,27.1,35.7,86,47,1011.2,1005.0,16,23,Yes,No
2025-04-25,Kolkata,24.5,36.9,79,85,1010.8,1002.8,9,12,No,No
2025-04-26,Chennai,28.1,36.6,77,63,1012.4,1005.1,20,7,No,No
2025-04-27,Kolkata,27.1,26.8,99,40,1006.7,1002.8,17,18,No,No
2025-04-28,New Delhi,17.8,42.5,98,70,1012.1,1005.3,17,20,No,No
2025-04-29,New Delhi,28.4,30.3,49,41,1000.1,1010.9,21,5,No,No
2025-04-30,Mumbai,23.1,27.6,74,78,1013.9,1006.9,11,7,Yes,Yes
2025-05-01,Kolkata,27.1,42.8,90,44,1006.6,1008.4,12,22,Yes,No
2025-05-02,Chennai,28.4,44.1,88,86,1008.3,1003.5,17,13,Yes,Yes
2025-05-03,New Delhi,19.8,42.2,71,60,1003.8,1009.1,20,10,No,No
2025-05-04,Chennai,16.7,41.2,46,78,1011.1,1008.0,8,5,Yes,Yes
2025-05-05,Kolkata,18.4,38.1,60,87,1001.1,999.8,12,14,No,Yes
2025-05-06,New Delhi,21.4,36.0,59,58,1013.1,1006.6,20,10,No,No
2025-05-07,New Delhi,27.3,26.7,65,55,1012.4,1001.9,14,16,Yes,No
2025-05-08,Chennai,27.9,33.2,43,47,1003.2,1010.1,16,8,Yes,No
2025-05-09,Kolkata,15.1,32.5,85,61,1012.1,1004.4,16,17,No,No
2025-05-10,Mumbai,22.7,30.2,91,51,1011.8,1012.9,9,21,Yes,No
2025-05-11,Mumbai,21.3,39.5,61,67,1009.5,999.4,20,12,No,No
2025-05-12,Kolkata,18.3,34.9,54,46,1005.6,1009.7,5,24,Yes,No
2025-05-13,Bangalore,16.8,26.6,95,52,1004.1,1008.1,13,7,Yes,No
2025-05-14,Kolkata,20.1,29.4,79,53,1003.5,1009.5,16,16,Yes,No
2025-05-15,Bangalore,29.1,38.7,60,79,1004.8,1002.6,9,11,Yes,Yes
2025-05-16,Chennai,19.8,26.5,54,37,1013.6,1005.4,24,16,Yes,No
2025-05-17,Mumbai,22.8,42.0,61,70,1001.2,1009.9,7,6,No,No
2025-05-18,Kolkata,25.5,34.9,91,35,1012.4,1001.5,9,18,Yes,No
2025-05-19,Bangalore,20.5,34.6,67,34,1005.2,1001.4,6,9,Yes,No
2025-05-20,New Delhi,29.6,36.8,53,73,1007.8,1006.3,18,13,Yes,No
2025-05-21,Bangalore,29.4,41.5,66,86,1011.9,1005.9,6,15,No,No
2025-05-22,New Delhi,18.8,32.0,80,58,1013.3,1002.2,17,9,No,No
2025-05-23,Bangalore,22.5,38.6,79,57,1005.2,1002.5,11,7,No,No
2025-05-24,New Delhi,19.5,36.3,97,40,1006.9,1002.2,14,21,No,No
2025-05-25,New Delhi,19.3,30.3,67,86,1006.2,1009.6,17,6,No,Yes
2025-05-26,New Delhi,15.6,42.6,65,30,1000.2,1007.8,20,5,Yes,No
2025-05-27,Kolkata,24.1,40.9,88,72,1004.4,1010.5,18,11,Yes,Yes
2025-05-28,Kolkata,22.5,38.2,41,48,1006.9,1012.6,15,18,Yes,No
2025-05-29,Chennai,15.8,42.0,64,38,1006.2,1005.1,14,9,No,No
2025-05-30,New Delhi,19.2,42.3,95,56,1010.8,999.0,10,23,No,No
2025-05-31,Kolkata,28.6,39.2,42,63,1005.8,998.7,8,15,Yes,Yes
2025-06-01,Bangalore,18.6,41.7,47,73,1007.3,1002.4,5,6,No,Yes
2025-06-02,Bangalore,17.2,38.9,83,33,1006.4,1012.0,11,12,No,No
2025-06-03,Bangalore,22.3,38.6,72,65,1011.1,1005.8,13,13,No,No
2025-06-04,Bangalore,29.8,37.4,81,47,1012.9,1002.1,12,7,Yes,No
2025-06-05,Chennai,18.6,40.1,91,44,1008.0,1004.0,9,6,Yes,No
2025-06-06,Chennai,25.1,28.2,74,80,1011.8,1007.0,23,11,No,Yes
2025-06-07,Bangalore,26.4,42.6,45,42,1004.5,1007.8,14,9,No,No
2025-06-08,New Delhi,18.6,42.4,78,48,1008.1,1000.3,15,9,No,No
2025-06-09,Chennai,25.9,25.6,91,78,1005.2,1012.7,19,24,No,No
2025-06-10,Chennai,20.5,41.5,62,35,1006.2,1006.2,10,17,Yes,No
2025-06-11,Mumbai,24.5,27.6,64,77,1011.0,1000.0,19,24,No,Yes
2025-06-12,Chennai,24.5,31.7,98,85,1013.2,1011.4,9,10,Yes,Yes
2025-06-13,Bangalore,23.0,39.9,89,41,1001.8,999.1,23,24,Yes,No
2025-06-14,Mumbai,16.4,28.2,82,80,1009.5,1011.6,23,22,Yes,No
2025-06-15,Kolkata,27.5,41.4,58,66,1008.7,1012.9,14,6,No,No
2025-06-16,Mumbai,19.8,41.6,44,46,1001.8,1008.5,16,10,Yes,No
2025-06-17,Kolkata,17.8,35.1,90,87,1003.2,1009.6,8,13,Yes,No
2025-06-18,Kolkata,15.6,25.1,50,52,1004.7,1003.1,22,7,No,No
2025-06-19,New Delhi,23.9,30.7,95,55,1002.5,1012.1,20,5,No,No
2025-06-20,Chennai,25.2,37.3,51,58,1003.7,1005.9,12,5,No,No
2025-06-21,Mumbai,15.2,44.6,49,62,1004.0,1009.0,8,23,Yes,Yes
2025-06-22,New Delhi,22.7,37.6,47,89,1005.0,1011.9,16,9,No,Yes
2025-06-23,Kolkata,18.4,30.2,63,56,1011.2,1012.6,6,17,Yes,No
2025-06-24,Mumbai,24.7,37.7,99,54,1008.6,1010.5,8,23,Yes,No
2025-06-25,New Delhi,17.6,35.8,67,85,1014.8,1002.5,9,16,No,No
2025-06-26,New Delhi,25.4,40.6,80,84,1006.2,1012.5,7,20,Yes,Yes
2025-06-27,New Delhi,20.8,27.1,75,39,1011.3,1007.4,13,23,Yes,No
2025-06-28,New Delhi,29.1,40.2,76,76,1013.1,1012.0,22,7,Yes,Yes
2025-06-29,Chennai,17.1,35.8,60,52,1010.2,1008.1,15,16,Yes,No
2025-06-30,Kolkata,20.1,44.3,47,50,1006.2,1002.6,7,9,No,No
2025-07-01,New Delhi,16.7,31.8,94,50,1011.3,1003.6,6,6,Yes,No
2025-07-02,Chennai,28.9,37.7,48,72,1003.1,1006.3,13,11,No,No
2025-07-03,New Delhi,28.2,43.6,86,42,1004.9,1009.9,18,17,Yes,No
2025-07-04,Bangalore,18.9,27.1,54,66,1008.2,1002.8,8,19,Yes,Yes
2025-07-05,Mumbai,24.9,43.7,87,62,1008.6,1006.7,13,7,No,No
2025-07-06,Bangalore,27.3,38.8,85,53,1000.3,1003.2,17,24,Yes,No
2025-07-07,Chennai,23.3,26.4,79,73,1014.2,1010.2,22,9,Yes,Yes
2025-07-08,Kolkata,22.9,31.0,57,40,1010.4,1005.0,19,12,Yes,No
2025-07-09,Chennai,18.6,39.2,81,46,1007.4,999.2,14,5,Yes,No
2025-07-10,Kolkata,16.4,26.3,99,33,1014.0,1000.5,20,12,Yes,No
2025-07-11,New Delhi,28.5,36.6,59,76,1006.6,998.9,16,22,Yes,Yes
2025-07-12,Mumbai,28.5,31.9,45,54,1014.7,1005.5,24,24,No,No
2025-07-13,Kolkata,24.5,37.4,51,59,1007.7,999.6,9,20,No,No
2025-07-14,Mumbai,20.1,25.9,41,38,1001.7,999.7,6,22,No,No
2025-07-15,Chennai,20.2,42.4,46,50,1011.5,1012.1,14,24,Yes,No
2025-07-16,New Delhi,25.9,44.5,55,49,1010.2,1011.1,5,16,Yes,No
2025-07-17,New Delhi,28.5,44.4,42,48,1011.6,1004.8,11,17,Yes,No
2025-07-18,Kolkata,28.3,40.0,84,48,1014.3,1012.8,21,17,No,No
2025-07-19,Bangalore,26.7,27.6,42,41,1011.6,998.0,20,14,Yes,No
2025-07-20,Bangalore,24.6,40.2,66,66,1009.2,1007.2,7,11,No,No
2025-07-21,Bangalore,16.3,25.5,89,71,1012.9,1007.2,18,18,Yes,Yes
2025-07-22,Bangalore,17.4,25.4,82,46,1010.1,1004.9,14,20,Yes,No
2025-07-23,Mumbai,28.5,31.5,79,66,1006.1,1004.0,11,19,Yes,Yes
2025-07-24,Chennai,24.1,34.8,77,83,1013.3,1004.8,21,16,No,No
2025-07-25,Bangalore,15.1,40.4,72,77,1003.3,1004.2,10,13,Yes,Yes
2025-07-26,Chennai,16.5,38.7,67,68,1010.7,1009.0,8,12,No,No
2025-07-27,Chennai,25.0,33.9,40,57,1013.2,1000.0,21,22,Yes,No
2025-07-28,New Delhi,15.1,30.5,94,70,1011.0,1001.0,13,22,Yes,No
2025-07-29,Kolkata,17.4,44.9,47,64,1010.5,1000.7,8,17,No,No
2025-07-30,Kolkata,23.2,33.5,76,76,1011.3,1001.9,11,22,Yes,Yes
2025-07-31,Mumbai,25.4,34.0,71,77,1007.0,1005.9,6,19,Yes,Yes
2025-08-01,Chennai,24.8,28.3,99,47,1013.1,999.7,21,8,Yes,No
2025-08-02,Mumbai,18.4,40.9,87,43,1003.1,1011.0,12,21,Yes,No
2025-08-03,Bangalore,25.7,38.9,82,64,1001.9,1002.5,19,9,No,No
2025-08-04,Kolkata,18.6,29.4,76,73,1004.3,1000.4,19,20,No,No
2025-08-05,Kolkata,19.9,26.6,43,70,1008.0,1008.1,12,13,Yes,Yes
2025-08-06,Bangalore,26.2,38.6,69,89,1007.7,998.6,20,14,Yes,Yes
2025-08-07,New Delhi,24.7,38.1,45,36,1012.3,1007.3,23,22,No,No
2025-08-08,Chennai,27.7,30.5,85,70,1006.1,1008.5,15,21,Yes,Yes
2025-08-09,Bangalore,24.9,44.0,93,42,1007.3,1001.2,6,22,No,No
2025-08-10,Kolkata,23.5,28.0,58,47,1000.2,998.6,21,11,Yes,No
2025-08-11,Bangalore,16.4,33.6,71,66,1006.1,1003.5,20,8,No,No
2025-08-12,Kolkata,20.5,43.9,48,42,1009.7,999.5,19,9,No,No
2025-08-13,Bangalore,19.0,33.4,51,65,1000.2,999.7,17,20,No,No
2025-08-14,Mumbai,18.7,37.8,50,60,1004.2,1001.8,19,7,No,No
2025-08-15,Chennai,29.6,33.0,85,31,1003.1,1002.4,8,22,Yes,No
2025-08-16,Chennai,20.9,30.5,94,45,1000.6,1005.9,20,18,Yes,No
2025-08-17,New Delhi,28.4,44.7,55,38,1007.2,1008.2,16,19,No,No
2025-08-18,Bangalore,24.5,33.2,40,38,1002.7,1006.9,8,21,No,No
2025-08-19,Kolkata,26.9,42.9,84,67,1011.1,1000.2,7,5,No,No
2025-08-20,Kolkata,22.5,29.6,94,40,1012.7,1000.6,21,21,No,No
2025-08-21,New Delhi,23.7,29.3,92,83,1008.2,1011.2,22,15,Yes,Yes
2025-08-22,New Delhi,22.4,25.6,60,85,1014.7,1006.4,22,21,No,No
2025-08-23,Bangalore,17.9,38.0,69,51,1006.8,1011.0,21,18,No,No
2025-08-24,Bangalore,25.8,32.4,52,62,1007.7,1003.6,16,24,No,No
2025-08-25,Chennai,19.2,42.3,73,65,1014.8,1007.2,8,23,No,No
2025-08-26,Mumbai,15.4,34.5,43,74,1003.5,1005.9,16,11,No,Yes
2025-08-27,Bangalore,24.7,44.4,67,52,1014.1,1002.8,24,17,No,No
2025-08-28,Bangalore,17.7,28.7,77,74,1000.6,1005.0,19,22,No,Yes
2025-08-29,New Delhi,29.1,42.4,97,74,1006.7,1005.5,20,18,Yes,Yes
2025-08-30,Bangalore,29.3,40.5,70,63,1001.1,1001.0,9,5,No,No
2025-08-31,Chennai,28.7,40.4,98,38,1010.9,1002.7,19,11,No,No
2025-09-01,Bangalore,20.6,41.9,94,53,1009.1,1009.9,21,12,No,No
2025-09-02,Chennai,15.2,40.2,66,37,1010.6,1011.7,22,22,Yes,No
2025-09-03,New Delhi,28.9,37.5,44,36,1005.6,1003.4,9,13,Yes,No
2025-09-04,New Delhi,21.4,27.6,64,65,1005.5,1002.6,17,5,Yes,No
2025-09-05,Chennai,29.5,25.7,42,47,1000.7,1000.9,23,21,No,No
2025-09-06,Kolkata,29.5,43.4,72,32,1005.2,1008.2,17,23,No,No
2025-09-07,New Delhi,27.8,37.3,43,57,1013.9,1002.8,22,10,No,No
2025-09-08,Chennai,19.4,40.9,64,35,1005.7,1012.8,18,7,Yes,No
2025-09-09,New Delhi,20.8,34.6,59,73,1012.5,1002.9,8,9,No,No
2025-09-10,New Delhi,27.8,27.3,73,73,1012.6,1003.9,8,6,Yes,Yes
2025-09-11,New Delhi,19.8,27.5,65,50,1005.6,1007.1,24,24,Yes,No
2025-09-12,Kolkata,17.5,38.7,44,57,1009.5,1010.0,24,8,Yes,No
2025-09-13,Chennai,23.4,33.6,74,69,1001.4,1005.0,23,14,Yes,No
2025-09-14,Chennai,29.0,29.0,67,83,1001.6,1004.3,17,14,Yes,Yes
2025-09-15,Mumbai,25.4,34.8,68,83,1000.7,1012.9,16,15,No,No
2025-09-16,New Delhi,23.6,26.3,48,30,1008.7,998.2,11,20,No,No
2025-09-17,New Delhi,16.5,36.6,91,65,1006.4,1011.4,16,21,Yes,Yes
2025-09-18,Kolkata,24.2,30.4,77,50,1008.2,1000.2,8,20,No,No
2025-09-19,Kolkata,29.9,41.0,89,89,1007.8,1009.8,6,11,No,Yes
2025-09-20,Kolkata,17.1,31.2,45,72,1005.3,1007.3,6,20,Yes,Yes
2025-09-21,New Delhi,22.8,34.1,58,64,1010.2,1003.1,9,7,Yes,Yes
2025-09-22,Kolkata,28.2,25.2,99,42,1011.4,1011.1,14,20,No,No
2025-09-23,New Delhi,26.1,26.4,83,86,1000.2,998.2,14,12,No,No
2025-09-24,New Delhi,25.5,32.8,96,78,1003.1,1001.4,13,16,No,Yes
2025-09-25,Kolkata,25.5,34.6,50,83,1010.7,1006.5,17,7,No,Yes
2025-09-26,Mumbai,20.4,37.0,41,83,1005.8,1003.3,11,21,Yes,Yes
2025-09-27,Mumbai,19.4,30.8,86,39,1009.9,1007.2,9,22,No,No
2025-09-28,Bangalore,27.1,38.9,83,82,1005.2,998.4,14,15,Yes,Yes
2025-09-29,Chennai,27.2,42.2,83,73,1005.9,999.7,14,8,Yes,Yes
2025-09-30,Bangalore,28.0,40.6,48,76,1002.4,999.9,10,20,No,Yes
2025-10-01,Mumbai,28.7,25.8,60,82,1003.9,1000.8,23,21,No,No
2025-10-02,Kolkata,22.7,34.6,63,39,1009.1,1004.9,12,13,No,No
2025-10-03,Kolkata,22.5,27.1,73,75,1006.5,1009.3,5,10,Yes,Yes
2025-10-04,Bangalore,27.0,29.8,61,42,1011.6,1011.6,21,24,Yes,No
2025-10-05,Chennai,24.7,44.7,42,66,1012.8,1010.5,11,6,Yes,Yes
2025-10-06,Bangalore,25.5,27.8,51,67,1008.1,1001.0,18,13,Yes,No
2025-10-07,New Delhi,26.9,35.0,67,53,1011.4,1004.6,21,10,No,No
2025-10-08,Bangalore,28.4,37.4,69,31,1004.6,1001.0,13,7,Yes,No
2025-10-09,Bangalore,20.1,39.0,65,51,1006.2,1002.0,21,24,Yes,No
2025-10-10,Kolkata,20.6,36.2,87,46,1010.7,1005.6,9,10,No,No
2025-10-11,Chennai,16.4,25.2,60,65,1005.8,999.0,24,11,Yes,No
2025-10-12,Chennai,23.7,31.5,67,43,1008.8,1001.3,12,5,Yes,No
2025-10-13,Mumbai,15.5,35.4,95,39,1002.8,1012.0,10,5,No,No
2025-10-14,Bangalore,22.0,26.8,65,64,1009.0,1005.0,15,9,Yes,Yes
2025-10-15,Bangalore,23.1,32.0,72,54,1012.9,1004.7,23,10,Yes,No
2025-10-16,Mumbai,19.3,25.7,60,32,1013.0,998.2,8,17,Yes,No
2025-10-17,New Delhi,23.9,26.6,74,76,1010.9,1001.7,22,6,Yes,Yes
2025-10-18,Kolkata,15.5,32.9,91,67,1011.2,1011.0,5,19,No,No
2025-10-19,Kolkata,15.6,27.7,73,46,1008.4,1000.5,17,19,Yes,No
2025-10-20,Bangalore,27.3,36.4,80,41,1008.8,1004.2,18,17,No,No
2025-10-21,Kolkata,20.4,38.8,90,83,1002.0,998.2,5,18,Yes,Yes
2025-10-22,New Delhi,16.9,41.0,86,81,1006.7,1005.2,15,11,No,No
2025-10-23,Chennai,22.8,29.0,57,53,1006.8,998.3,21,18,No,No
2025-10-24,Mumbai,26.5,28.3,97,58,1014.4,1010.3,8,14,No,No
2025-10-25,Kolkata,18.2,27.1,50,72,1006.5,1010.4,16,21,Yes,No
2025-10-26,Bangalore,24.3,37.7,96,54,1008.2,1009.8,14,18,Yes,No
2025-10-27,Kolkata,16.3,39.1,62,65,1008.0,1002.3,10,12,Yes,No
2025-10-28,New Delhi,15.8,25.6,87,87,1009.6,1010.6,5,8,No,No
2025-10-29,Bangalore,23.0,43.7,61,89,1011.2,1006.1,11,20,Yes,Yes
2025-10-30,Mumbai,23.1,26.0,56,55,1003.4,1003.6,20,17,Yes,No
2025-10-31,New Delhi,24.6,35.8,44,67,1007.9,1007.4,18,24,Yes,Yes
2025-11-01,Chennai,25.9,39.2,83,30,1012.4,998.2,24,22,Yes,No
2025-11-02,Chennai,29.6,42.4,50,49,1006.9,1000.1,24,18,No,No
2025-11-03,Kolkata,22.7,39.3,69,84,1004.2,1009.1,10,22,No,Yes
2025-11-04,New Delhi,19.8,41.0,54,57,1009.8,1001.7,9,9,Yes,No
2025-11-05,Kolkata,26.9,31.8,66,45,1012.4,1007.0,22,13,Yes,No
2025-11-06,Chennai,19.1,41.3,74,76,1000.9,1003.8,19,7,Yes,Yes
2025-11-07,Bangalore,21.6,26.6,72,46,1011.7,1010.8,10,12,No,No
2025-11-08,Bangalore,16.2,42.9,59,69,1012.3,1012.3,23,24,Yes,Yes
2025-11-09,Bangalore,15.4,36.0,55,57,1006.9,1011.3,5,14,No,No
2025-11-10,Bangalore,29.4,41.3,73,87,1014.7,1002.1,5,23,No,No
2025-11-11,Mumbai,27.5,34.0,41,41,1011.8,1000.9,17,7,Yes,No
2025-11-12,Kolkata,25.4,37.9,74,56,1011.6,1005.1,7,15,Yes,No
2025-11-13,New Delhi,21.1,35.5,79,83,1011.2,998.1,14,15,Yes,Yes
2025-11-14,Mumbai,17.6,39.6,95,82,1002.3,998.4,7,21,No,Yes
2025-11-15,Kolkata,17.3,26.6,67,71,1003.3,1006.3,13,20,No,Yes
2025-11-16,Chennai,18.8,26.2,86,88,1007.0,1005.8,12,11,Yes,Yes
2025-11-17,Kolkata,23.2,29.9,78,76,1004.0,1012.9,7,8,No,Yes
2025-11-18,New Delhi,25.7,28.2,45,59,1006.2,1001.0,17,23,Yes,No
2025-11-19,Mumbai,24.9,42.4,48,70,1013.3,1001.9,10,16,Yes,Yes
2025-11-20,Chennai,19.2,29.4,59,63,1012.4,999.7,17,19,No,No
2025-11-21,Mumbai,29.3,44.5,99,66,1009.5,1011.8,24,15,No,No
2025-11-22,Bangalore,26.1,31.7,40,35,1012.9,1009.7,24,9,No,No
2025-11-23,Bangalore,23.3,28.6,47,36,1011.8,1010.3,16,9,No,No
2025-11-24,Mumbai,24.2,40.8,94,61,1006.4,1011.5,17,19,Yes,Yes
2025-11-25,Chennai,21.3,38.2,62,61,1003.0,1005.9,6,22,Yes,Yes
2025-11-26,Kolkata,18.7,35.0,42,82,1007.7,1004.8,20,15,Yes,Yes
2025-11-27,Mumbai,20.3,36.1,43,54,1011.0,1003.0,10,16,No,No
2025-11-28,Kolkata,26.4,39.4,97,62,1006.5,1006.8,23,6,Yes,Yes
2025-11-29,Bangalore,15.2,29.6,64,84,1010.0,1004.8,17,24,No,No
2025-11-30,Mumbai,16.7,44.9,86,87,1001.4,1004.8,21,19,No,Yes
2025-12-01,Bangalore,15.7,44.5,77,36,1011.2,1012.1,13,24,No,No
2025-12-02,Mumbai,15.6,38.0,54,81,1012.2,1012.8,21,8,Yes,Yes
2025-12-03,Bangalore,27.8,29.0,60,86,1010.6,1009.9,6,22,No,Yes
2025-12-04,New Delhi,25.6,38.6,74,41,1014.5,1009.4,23,10,No,No
2025-12-05,New Delhi,22.1,26.4,96,45,1012.4,1008.2,23,23,No,No
2025-12-06,New Delhi,16.5,25.6,92,45,1013.5,1000.5,11,15,No,No
2025-12-07,Bangalore,22.4,30.2,92,72,1014.0,998.9,14,6,No,Yes
2025-12-08,New Delhi,22.1,34.3,85,82,1012.0,1008.4,14,12,No,No
2025-12-09,Mumbai,17.6,42.4,91,65,1010.1,1008.9,24,15,No,No
2025-12-10,Chennai,21.5,39.5,53,42,1000.1,998.7,13,9,No,No
2025-12-11,Bangalore,21.0,39.9,75,36,1007.0,1011.9,21,22,No,No
2025-12-12,Kolkata,24.2,33.5,51,65,1008.6,999.4,19,22,No,No
2025-12-13,Bangalore,24.5,31.9,56,76,1004.6,1002.3,6,18,No,Yes
2025-12-14,Kolkata,15.7,32.4,78,80,1004.8,1008.1,8,14,No,Yes
2025-12-15,New Delhi,20.6,44.8,48,38,1014.4,1000.5,23,7,Yes,No
2025-12-16,Mumbai,24.4,25.8,74,61,1013.4,998.8,21,13,Yes,Yes
2025-12-17,Bangalore,22.5,42.3,99,40,1012.7,1003.0,9,7,No,No
2025-12-18,Kolkata,27.8,36.6,52,37,1006.1,1009.5,11,15,No,No
2025-12-19,Kolkata,24.9,33.8,54,62,1000.2,1004.2,22,16,No,No
2025-12-20,Mumbai,17.4,39.5,57,52,1001.2,1007.8,11,16,Yes,No
2025-12-21,Bangalore,16.1,34.7,90,54,1004.7,1006.7,21,7,Yes,No
2025-12-22,New Delhi,24.6,42.5,72,85,1000.2,998.3,11,11,Yes,No
2025-12-23,Kolkata,15.4,43.0,45,37,1000.3,1012.8,8,18,No,No
2025-12-24,Chennai,23.8,33.4,98,74,1013.7,998.6,12,15,No,Yes
2025-12-25,Chennai,29.1,30.5,66,51,1010.6,1012.5,17,11,No,No
2025-12-26,New Delhi,23.6,36.8,62,88,1004.6,1006.2,8,14,No,No
2025-12-27,Kolkata,20.8,43.2,98,33,1002.0,1012.4,10,15,Yes,No
2025-12-28,Chennai,24.6,29.2,66,69,1007.7,999.7,9,19,No,No
2025-12-29,Chennai,21.9,37.5,73,32,1000.1,1005.4,16,23,Yes,No
2025-12-30,Mumbai,23.2,37.6,95,58,1014.1,1000.5,8,20,Yes,No
2025-12-31,Chennai,29.1,39.7,85,70,1006.2,998.8,13,24,No,No
2026-01-01,Chennai,20.8,27.6,77,58,1006.0,1007.3,8,16,Yes,No
2026-01-02,Mumbai,29.4,39.3,53,63,1005.9,1001.1,23,22,Yes,No
2026-01-03,Kolkata,28.6,43.2,75,63,1001.0,1006.8,18,17,Yes,Yes
2026-01-04,Mumbai,17.9,28.6,92,57,1009.6,999.7,9,9,Yes,No
2026-01-05,Kolkata,16.0,29.8,47,42,1011.0,1003.0,22,8,No,No
2026-01-06,Mumbai,16.5,44.4,74,44,1010.1,1009.7,14,18,No,No
2026-01-07,Kolkata,15.3,28.6,58,89,1002.1,1004.6,23,12,Yes,Yes
2026-01-08,New Delhi,16.4,42.1,69,52,1008.7,1007.4,16,13,No,No
2026-01-09,Chennai,25.2,34.8,53,73,1008.5,1007.7,22,23,Yes,Yes
2026-01-10,Chennai,16.1,29.9,98,55,1013.0,1010.7,21,7,No,No
2026-01-11,Bangalore,19.8,42.4,59,33,1005.7,1002.9,15,9,No,No
2026-01-12,Mumbai,27.7,33.9,88,55,1005.6,1008.3,7,22,No,No
2026-01-13,Kolkata,15.3,35.3,64,69,1009.3,1012.4,21,5,No,No
2026-01-14,Chennai,27.2,32.2,79,38,1009.5,1009.0,5,12,No,No
2026-01-15,Kolkata,19.2,36.9,63,84,1007.0,1005.3,19,23,Yes,No
2026-01-16,Chennai,16.8,28.3,53,34,1006.6,1007.5,13,21,No,No
2026-01-17,Chennai,25.5,32.8,65,85,1007.4,1009.1,19,21,Yes,Yes
2026-01-18,Chennai,24.4,44.4,77,61,1012.9,1007.2,7,15,Yes,No
2026-01-19,Bangalore,28.2,30.2,62,49,1006.9,998.3,23,6,No,No
2026-01-20,Kolkata,26.0,38.1,61,79,1014.1,1000.9,17,10,Yes,Yes
2026-01-21,Bangalore,27.1,31.5,87,40,1007.6,1010.2,16,18,No,No
2026-01-22,Chennai,19.2,40.5,96,44,1014.2,1002.1,24,7,Yes,No
2026-01-23,Mumbai,17.7,27.6,58,61,1012.5,1009.0,5,16,Yes,Yes
2026-01-24,Bangalore,26.3,44.4,85,57,1005.4,1003.6,21,8,No,No
2026-01-25,Chennai,27.1,34.1,90,51,1013.0,1005.8,17,16,No,No
2026-01-26,Chennai,29.9,29.7,42,70,1001.7,999.0,5,17,No,No
2026-01-27,Chennai,21.2,26.5,81,46,1013.9,1000.7,14,6,No,No
2026-01-28,Bangalore,20.6,28.4,58,88,1009.5,1012.4,19,6,Yes,Yes
2026-01-29,New Delhi,26.6,35.4,48,55,1000.8,1011.4,11,19,No,No
2026-01-30,Kolkata,20.1,31.7,67,73,1009.7,1007.8,22,21,Yes,No
2026-01-31,Bangalore,29.0,41.6,59,36,1014.6,1004.9,20,11,Yes,No
2026-02-01,Kolkata,27.9,33.6,84,71,1001.0,1008.1,18,18,Yes,Yes
2026-02-02,New Delhi,21.4,30.0,46,86,1008.3,1007.3,22,16,Yes,Yes
2026-02-03,Kolkata,26.3,37.3,53,55,1011.2,1006.5,11,21,Yes,No
2026-02-04,Chennai,26.3,39.1,48,54,1012.2,998.9,21,18,Yes,No
2026-02-05,Bangalore,16.5,28.3,98,39,1006.2,1007.5,22,10,No,No
2026-02-06,New Delhi,28.5,28.4,99,88,1003.1,1009.5,16,23,Yes,Yes
2026-02-07,Bangalore,22.6,25.7,94,74,1000.6,1012.9,12,10,Yes,Yes
2026-02-08,Chennai,27.4,39.7,96,48,1008.7,998.2,6,22,Yes,No
2026-02-09,Bangalore,19.8,38.3,99,40,1006.8,1009.0,11,9,No,No
2026-02-10,Bangalore,28.4,34.5,58,42,1014.2,1006.6,8,10,No,No
2026-02-11,New Delhi,20.8,41.9,86,82,1000.9,1004.5,22,6,Yes,Yes
2026-02-12,Chennai,15.2,41.1,91,37,1010.3,999.9,10,12,No,No
2026-02-13,Mumbai,28.6,36.7,53,69,1000.4,1004.1,13,19,Yes,Yes
2026-02-14,Mumbai,16.4,42.4,95,33,1002.6,1003.3,13,19,No,No
2026-02-15,Kolkata,19.8,29.1,77,76,1006.8,1002.5,18,15,Yes,No
2026-02-16,Bangalore,29.3,27.2,92,60,1006.8,1009.0,12,5,No,No
2026-02-17,Bangalore,29.3,30.4,75,57,1010.3,1008.5,23,22,No,No
2026-02-18,Mumbai,23.6,26.1,79,40,1013.7,1006.8,7,16,No,No
2026-02-19,New Delhi,24.5,35.6,56,72,1009.6,1012.1,22,16,Yes,Yes
2026-02-20,Bangalore,21.7,43.7,69,30,1014.3,1003.2,9,15,Yes,No
2026-02-21,Mumbai,19.4,25.8,48,78,1013.2,1001.7,18,12,Yes,Yes
2026-02-22,Kolkata,19.9,27.4,72,76,1008.8,1007.8,8,11,No,No
2026-02-23,Kolkata,25.1,34.0,95,81,1012.5,1001.0,11,6,No,No
2026-02-24,New Delhi,26.3,43.7,91,67,1009.6,1002.7,24,15,Yes,No
2026-02-25,Kolkata,26.9,31.3,64,53,1001.2,1001.4,16,14,No,No
2026-02-26,Kolkata,26.8,35.1,53,83,1011.1,999.0,6,7,Yes,Yes
2026-02-27,Bangalore,16.4,25.8,50,89,1001.4,1010.4,15,24,Yes,Yes
2026-02-28,Kolkata,22.4,28.0,92,86,1008.9,1001.8,18,14,Yes,Yes
2026-03-01,Mumbai,15.9,44.7,74,76,1010.5,1005.1,20,22,Yes,Yes
2026-03-02,Kolkata,23.2,44.3,80,60,1001.0,998.6,24,18,No,No
2026-03-03,New Delhi,21.6,25.1,98,70,1003.5,1008.5,10,22,No,No
2026-03-04,New Delhi,28.3,44.0,53,75,1013.7,1003.0,8,12,No,No
2026-03-05,Chennai,20.3,37.8,69,79,1009.2,1009.2,19,14,Yes,Yes
2026-03-06,New Delhi,16.8,42.4,80,55,1003.7,1004.2,5,17,No,No
2026-03-07,Kolkata,17.1,34.1,43,78,1010.4,1000.9,11,12,Yes,Yes
2026-03-08,Mumbai,26.4,35.3,98,79,1009.0,1005.7,16,8,Yes,Yes
2026-03-09,New Delhi,24.3,34.8,43,34,1007.5,1000.0,14,8,Yes,No
2026-03-10,Kolkata,16.5,38.3,67,49,1014.6,1004.6,9,9,Yes,No
2026-03-11,Kolkata,16.3,27.8,47,81,1010.3,1002.8,16,5,Yes,Yes
2026-03-12,New Delhi,25.5,25.6,41,70,1005.6,1011.7,22,21,Yes,No
2026-03-13,Mumbai,16.1,31.2,80,40,1012.0,998.9,14,6,No,No
2026-03-14,Chennai,27.3,39.1,85,85,1013.3,1008.4,10,12,No,No
2026-03-15,Kolkata,25.6,29.0,61,83,1001.9,1000.7,16,11,No,Yes
2026-03-16,Kolkata,16.2,38.5,80,62,1003.0,1002.8,11,19,No,No
2026-03-17,Bangalore,16.3,44.4,95,79,1003.2,1004.2,22,9,Yes,Yes
2026-03-18,New Delhi,29.8,26.9,94,67,1010.4,1011.6,6,6,Yes,Yes
2026-03-19,New Delhi,20.6,38.5,55,56,1009.0,1001.6,14,11,No,No
2026-03-20,Mumbai,20.6,33.9,68,63,1009.3,999.4,19,12,No,No
2026-03-21,Mumbai,27.2,42.4,88,44,1014.1,1002.8,16,11,No,No
2026-03-22,Mumbai,29.2,28.5,87,61,1011.6,999.6,21,11,No,No
2026-03-23,Bangalore,29.8,38.9,69,87,1001.9,999.9,8,18,No,Yes
2026-03-24,New Delhi,26.3,41.8,51,50,1005.2,1006.6,11,22,No,No
2026-03-25,New Delhi,20.6,43.9,74,75,1006.5,998.9,13,10,No,Yes
2026-03-26,New Delhi,16.3,38.7,50,34,1005.9,998.5,23,8,No,No
2026-03-27,Chennai,26.7,34.9,85,35,1010.0,1008.7,11,14,Yes,No
2026-03-28,Bangalore,23.4,37.4,89,67,1013.4,1003.4,6,22,Yes,No
2026-03-29,Chennai,21.4,42.4,60,51,1004.6,999.9,10,16,Yes,No
2026-03-30,Mumbai,28.6,36.4,60,47,1008.3,1001.8,22,20,Yes,No
2026-03-31,New Delhi,16.7,25.6,44,43,1011.8,1007.6,10,11,No,No
2026-04-01,Mumbai,22.4,43.6,87,39,1006.2,1002.1,17,10,Yes,No
2026-04-02,Kolkata,15.2,38.8,59,75,1002.5,1005.4,23,9,No,No
2026-04-03,New Delhi,22.0,38.5,76,42,1007.1,999.8,6,7,Yes,No
2026-04-04,Bangalore,15.8,29.3,42,60,1000.8,1006.8,16,16,No,No
2026-04-05,Kolkata,16.8,38.2,83,59,1014.1,1002.7,19,19,No,No
2026-04-06,Chennai,16.8,32.9,72,32,1001.1,1007.4,18,14,Yes,No
2026-04-07,New Delhi,24.7,38.0,92,59,1006.6,1010.1,10,24,Yes,No
2026-04-08,Chennai,26.2,27.1,48,35,1007.9,1007.2,22,23,No,No
2026-04-09,New Delhi,23.8,38.2,48,58,1014.8,1002.4,9,20,No,No
2026-04-10,Bangalore,29.4,45.0,43,37,1002.5,1001.8,22,15,No,No
2026-04-11,Chennai,20.6,26.0,74,73,1001.7,1002.9,7,12,Yes,Yes
2026-04-12,Kolkata,19.3,44.5,56,74,1000.1,1000.5,7,7,Yes,Yes
2026-04-13,Kolkata,28.0,33.1,73,72,1002.3,1000.7,14,11,No,No
2026-04-14,Bangalore,18.4,42.4,63,73,1003.1,1009.9,23,11,Yes,Yes
2026-04-15,Bangalore,29.4,40.6,71,62,1009.5,1003.8,7,18,No,No
2026-04-16,Chennai,15.2,36.3,40,46,1003.3,1004.5,16,6,Yes,No
2026-04-17,Mumbai,29.5,39.8,47,77,1000.3,1006.9,20,14,Yes,Yes
2026-04-18,Mumbai,15.6,42.6,84,40,1012.4,1006.8,21,23,Yes,No
2026-04-19,Chennai,28.4,33.1,62,42,1005.5,999.0,11,13,Yes,No
2026-04-20,Bangalore,22.9,31.5,86,79,1005.3,1010.5,17,20,Yes,No
2026-04-21,Mumbai,29.9,38.4,79,40,1004.5,1000.7,6,23,No,No
2026-04-22,Mumbai,16.1,41.2,51,60,1014.6,1008.8,8,22,No,No
2026-04-23,Chennai,23.3,40.2,93,57,1002.6,1009.6,14,13,Yes,No
2026-04-24,New Delhi,29.5,41.0,51,73,1013.5,1008.7,11,20,No,Yes
2026-04-25,New Delhi,22.8,33.7,85,35,1011.7,1006.7,21,17,No,No
2026-04-26,Mumbai,24.4,41.4,86,70,1001.1,998.2,24,14,Yes,Yes
2026-04-27,Bangalore,25.4,27.4,54,45,1014.8,1003.4,10,24,No,No
2026-04-28,Kolkata,21.8,35.9,80,33,1004.1,1007.1,23,18,Yes,No
2026-04-29,New Delhi,24.4,25.1,58,64,1001.5,1003.8,9,16,No,No
2026-04-30,Bangalore,23.8,31.5,65,89,1012.4,1011.0,14,23,No,No
2026-05-01,Mumbai,28.5,32.3,91,77,1010.6,1002.6,13,11,No,Yes
2026-05-02,Mumbai,15.7,32.9,68,85,1009.3,1002.4,17,19,No,No
2026-05-03,Bangalore,19.2,38.9,61,88,1002.3,1002.0,23,20,No,Yes
2026-05-04,Bangalore,29.3,32.8,79,55,1007.2,1003.0,10,12,No,No
2026-05-05,Mumbai,28.4,34.0,60,86,1011.7,1006.4,8,14,No,Yes
2026-05-06,Kolkata,21.8,29.8,90,41,1004.6,1008.6,7,8,Yes,No
2026-05-07,Chennai,24.3,32.5,77,40,1004.7,1007.9,7,23,Yes,No
2026-05-08,Chennai,19.2,29.5,59,66,1000.0,1010.1,8,23,Yes,No
2026-05-09,New Delhi,17.8,26.5,96,54,1002.6,1011.3,9,19,Yes,No
2026-05-10,Mumbai,22.0,37.1,68,47,1013.1,1010.2,12,18,No,No
2026-05-11,New Delhi,20.3,38.4,90,48,1006.6,998.3,20,5,No,No
2026-05-12,Chennai,23.8,37.4,43,52,1014.8,1009.0,7,20,No,No
2026-05-13,Chennai,16.2,34.3,94,84,1005.9,1001.1,16,14,Yes,Yes
2026-05-14,Mumbai,29.6,32.6,46,67,1010.7,1000.0,12,23,Yes,Yes
2026-05-15,Chennai,29.8,42.3,67,83,1004.2,1007.6,17,7,Yes,No
2026-05-16,Mumbai,25.5,35.4,67,47,1005.5,1002.8,8,9,No,No
2026-05-17,New Delhi,23.0,34.6,43,55,1002.9,998.9,18,13,Yes,No
2026-05-18,Chennai,19.6,25.5,61,35,1005.2,1000.1,18,22,No,No
2026-05-19,Bangalore,27.2,31.8,51,33,1008.2,998.0,17,15,Yes,No
2026-05-20,Bangalore,25.3,32.6,84,73,1014.9,1011.5,10,20,No,No
2026-05-21,Bangalore,17.4,33.0,42,80,1010.0,998.4,21,6,Yes,No
2026-05-22,Mumbai,28.7,36.6,61,58,1003.0,1001.1,8,16,No,No
2026-05-23,Kolkata,27.3,35.7,83,88,1000.7,1004.2,12,10,Yes,Yes
2026-05-24,Mumbai,29.2,37.2,41,63,1001.9,1003.3,21,15,Yes,No
2026-05-25,Bangalore,25.9,40.3,63,46,1008.4,1011.7,7,12,No,No
2026-05-26,Chennai,24.2,41.3,73,72,1011.5,998.6,21,16,No,Yes
2026-05-27,Chennai,21.3,39.4,66,72,1014.1,1005.7,13,6,Yes,Yes
2026-05-28,Mumbai,29.0,44.1,94,82,1000.2,1008.2,6,13,No,Yes
2026-05-29,New Delhi,28.0,25.4,80,45,1007.8,1012.0,17,19,Yes,No
2026-05-30,Mumbai,15.7,28.9,40,31,1007.1,1007.3,24,6,No,No
2026-05-31,Kolkata,15.4,25.2,47,63,1009.8,1010.1,6,5,Yes,Yes
2026-06-01,Mumbai,20.6,37.9,62,84,1008.4,999.3,24,14,No,Yes
2026-06-02,Kolkata,27.2,43.0,77,37,1010.3,1003.8,15,6,Yes,No
2026-06-03,Mumbai,29.8,29.9,45,42,1009.9,1003.6,19,16,Yes,No
2026-06-04,Bangalore,17.3,43.5,61,71,1001.8,1011.3,15,12,Yes,Yes
2026-06-05,Bangalore,23.9,26.2,64,37,1012.0,1000.3,7,9,No,No
2026-06-06,Bangalore,20.7,43.7,57,59,1001.8,1000.3,7,5,Yes,No
2026-06-07,Mumbai,29.5,32.0,56,61,1010.5,1002.9,16,19,No,No
2026-06-08,Mumbai,27.6,27.0,51,65,1006.2,998.8,9,10,No,No
2026-06-09,Bangalore,27.6,34.7,45,76,1007.7,1000.7,24,16,No,Yes
2026-06-10,Bangalore,22.0,30.1,65,59,1013.5,1012.5,11,12,Yes,No
2026-06-11,New Delhi,21.2,30.7,66,30,1013.3,1004.4,11,17,No,No
2026-06-12,Kolkata,19.1,31.1,47,72,1012.3,1007.5,17,23,No,No
2026-06-13,Mumbai,15.8,41.1,58,68,1007.7,1008.9,13,5,No,No
2026-06-14,Mumbai,28.0,35.8,99,46,1011.0,1003.5,17,15,Yes,No
2026-06-15,Bangalore,27.2,31.2,81,88,1007.7,1000.2,16,24,No,Yes
2026-06-16,Kolkata,30.0,37.2,40,49,1013.0,1001.1,17,5,No,No
2026-06-17,Mumbai,29.9,39.3,96,53,1006.0,1002.7,14,12,No,No
2026-06-18,New Delhi,23.3,30.5,68,79,1014.6,1007.5,5,9,No,No
2026-06-19,Mumbai,26.5,33.3,84,51,1014.0,1004.0,12,21,Yes,No
2026-06-20,Chennai,29.2,27.4,88,58,1011.1,998.1,20,12,Yes,No
2026-06-21,New Delhi,27.7,28.6,74,51,1004.2,1005.9,17,14,No,No
2026-06-22,Chennai,18.7,38.6,79,73,1002.0,1011.8,7,6,No,No
2026-06-23,Chennai,21.8,28.6,53,38,1012.8,1010.2,7,13,No,No
2026-06-24,Kolkata,16.9,35.5,74,66,1002.5,1010.4,9,7,No,No
2026-06-25,Bangalore,29.3,39.2,87,39,1012.8,1009.9,15,22,Yes,No
2026-06-26,Bangalore,24.1,27.1,84,65,1007.4,1002.9,11,11,Yes,Yes
2026-06-27,Kolkata,18.4,36.3,59,66,1006.1,1009.5,14,19,Yes,No
2026-06-28,Kolkata,25.1,30.1,95,57,1013.5,1000.1,14,24,Yes,No
2026-06-29,Bangalore,24.3,44.3,88,57,1009.1,1007.9,24,22,No,No
2026-06-30,New Delhi,20.4,34.7,52,71,1008.6,1007.6,6,7,No,No
2026-07-01,Mumbai,16.7,41.1,77,72,1008.4,998.4,7,18,Yes,Yes
2026-07-02,Bangalore,25.1,36.0,88,50,1005.6,1009.8,12,6,Yes,No
2026-07-03,Mumbai,22.8,25.9,85,53,1011.8,1011.5,15,18,No,No
2026-07-04,Mumbai,26.6,37.7,88,71,1003.8,1002.0,17,15,No,Yes
2026-07-05,Kolkata,22.8,44.0,47,89,1014.1,1010.2,11,20,No,Yes
2026-07-06,Kolkata,27.8,37.0,82,69,1013.4,999.2,17,12,No,No
2026-07-07,Chennai,23.3,41.4,59,31,1005.1,1007.0,6,11,No,No
2026-07-08,Bangalore,23.4,42.7,99,84,1010.9,1005.3,10,15,Yes,Yes
2026-07-09,Mumbai,28.1,29.6,72,37,1008.6,1006.2,13,7,Yes,No
2026-07-10,Bangalore,21.1,29.2,65,77,1005.1,1011.9,24,21,No,No
2026-07-11,Chennai,17.0,37.2,78,56,1014.8,1011.1,6,18,No,No
2026-07-12,Chennai,15.4,33.2,60,51,1000.4,1009.8,22,10,Yes,No
2026-07-13,Mumbai,26.3,41.8,92,66,1003.8,1002.1,20,12,No,No
2026-07-14,Kolkata,24.3,43.0,88,56,1007.8,1011.7,16,9,Yes,No
2026-07-15,Chennai,25.6,32.1,81,86,1007.8,999.5,11,12,Yes,Yes
2026-07-16,Chennai,18.2,29.7,82,58,1008.8,1010.8,11,6,Yes,No
2026-07-17,New Delhi,17.0,40.6,93,32,1011.3,1002.9,21,19,Yes,No
2026-07-18,Chennai,15.2,30.5,80,73,1009.4,998.8,17,16,No,No
2026-07-19,Mumbai,20.3,41.5,48,42,1009.0,1008.0,15,21,No,No
2026-07-20,Mumbai,23.8,33.5,63,74,1000.8,1001.5,10,5,Yes,Yes
2026-07-21,Chennai,20.9,38.4,76,39,1005.6,1001.7,18,19,No,No
2026-07-22,Mumbai,21.6,26.9,88,65,1003.5,1002.6,10,18,No,No
2026-07-23,Mumbai,28.6,37.5,80,38,1004.0,999.0,10,24,No,No
2026-07-24,New Delhi,20.2,34.0,56,83,1008.3,1000.7,6,20,No,No
2026-07-25,Mumbai,22.7,36.7,63,85,1003.0,998.1,24,13,Yes,Yes
2026-07-26,Chennai,26.8,28.4,60,84,1004.4,1004.7,19,5,No,Yes
2026-07-27,Bangalore,20.9,39.7,90,56,1003.6,999.3,21,21,Yes,No
2026-07-28,Kolkata,24.3,42.3,98,63,1014.2,1008.2,12,17,Yes,Yes
2026-07-29,Mumbai,27.9,29.3,78,80,1014.2,1001.5,9,9,No,Yes
2026-07-30,Mumbai,29.2,26.9,94,30,1009.1,1012.2,21,14,Yes,No
2026-07-31,Kolkata,17.2,25.5,80,61,1013.9,1011.1,24,10,No,No
2026-08-01,Chennai,28.9,37.8,78,54,1011.8,1002.3,5,23,No,No
2026-08-02,Bangalore,22.4,37.1,52,58,1008.8,1009.7,22,17,Yes,No
2026-08-03,New Delhi,18.9,35.9,50,36,1000.1,1010.0,19,5,No,No
2026-08-04,Chennai,21.9,29.6,85,78,1011.6,1012.8,9,24,Yes,Yes
2026-08-05,Kolkata,29.7,32.8,58,32,1010.5,1007.0,11,19,Yes,No
2026-08-06,Chennai,22.4,36.9,50,49,1009.2,999.2,22,18,No,No
2026-08-07,Bangalore,19.9,34.9,52,49,1011.4,1007.7,10,12,No,No
2026-08-08,Bangalore,24.5,44.8,85,82,1007.7,1007.4,9,14,No,No
2026-08-09,New Delhi,18.6,27.7,84,59,1010.6,1007.6,23,13,Yes,No
2026-08-10,Kolkata,16.1,38.9,40,64,1014.0,1002.6,14,21,No,No
2026-08-11,New Delhi,16.9,33.1,79,64,1005.6,1010.9,19,13,Yes,No
2026-08-12,New Delhi,16.9,33.6,83,78,1010.6,1012.4,14,7,Yes,No
2026-08-13,Chennai,17.3,39.4,58,68,1007.1,1001.3,20,15,No,No
2026-08-14,Bangalore,17.1,38.8,51,56,1010.1,999.3,16,16,No,No
2026-08-15,New Delhi,24.6,44.8,47,55,1011.4,1000.9,22,14,No,No
2026-08-16,Chennai,17.7,27.6,47,43,1000.7,1010.3,5,21,Yes,No
2026-08-17,Kolkata,20.2,27.1,92,46,1009.7,1008.1,20,21,No,No
2026-08-18,Bangalore,28.5,39.5,84,47,1003.4,1007.5,10,15,Yes,No
2026-08-19,Kolkata,22.1,36.6,51,74,1010.1,1004.0,7,8,No,No
2026-08-20,Bangalore,25.0,30.5,87,81,1007.0,1006.7,6,11,No,Yes
2026-08-21,Kolkata,17.6,26.6,72,58,1011.6,1002.6,6,18,Yes,No
2026-08-22,Chennai,17.9,26.7,84,49,1001.9,1005.2,17,11,Yes,No
2026-08-23,Chennai,15.6,42.9,65,82,1009.4,1009.9,13,12,No,No
2026-08-24,New Delhi,17.5,28.8,78,56,1004.2,1012.7,20,5,No,No
2026-08-25,Mumbai,19.2,31.5,67,47,1012.8,1012.0,9,8,No,No
2026-08-26,Kolkata,17.7,29.5,97,33,1013.9,1012.0,11,16,No,No
2026-08-27,Chennai,16.3,32.1,44,30,1014.9,1004.0,17,7,No,No
2026-08-28,Bangalore,16.8,26.4,47,79,1011.9,1005.0,24,17,Yes,Yes
2026-08-29,Chennai,21.9,35.4,64,30,1011.3,1008.6,17,24,Yes,No
2026-08-30,New Delhi,18.1,26.4,66,87,1003.2,1011.8,11,10,Yes,Yes
2026-08-31,Mumbai,20.5,41.0,85,55,1005.0,1000.1,14,15,Yes,No
2026-09-01,Chennai,22.6,29.7,62,74,1007.0,1002.6,19,8,No,No
2026-09-02,Chennai,25.4,35.8,69,49,1011.6,1000.1,10,24,Yes,No
2026-09-03,New Delhi,15.6,42.6,84,81,1013.7,1007.2,9,20,Yes,No
2026-09-04,Bangalore,27.0,38.0,86,52,1002.8,1002.6,6,11,Yes,No
2026-09-05,Kolkata,24.4,35.7,62,39,1013.8,1002.9,19,15,No,No
2026-09-06,Kolkata,16.2,31.5,88,88,1010.4,999.1,20,5,Yes,Yes
2026-09-07,Chennai,28.1,31.7,86,40,1009.2,1003.2,23,11,No,No
2026-09-08,New Delhi,28.8,38.4,59,70,1003.0,1010.9,13,16,Yes,Yes
2026-09-09,New Delhi,15.9,44.9,57,70,1000.8,1001.5,23,11,No,No
2026-09-10,New Delhi,19.2,38.2,57,34,1008.5,1008.4,11,11,Yes,No
2026-09-11,Chennai,27.1,36.2,41,87,1009.8,1007.4,8,14,No,No
2026-09-12,New Delhi,26.2,39.6,43,30,1003.2,1011.0,7,20,Yes,No
2026-09-13,Bangalore,17.8,34.3,69,46,1008.3,1000.0,24,12,No,No
2026-09-14,Kolkata,18.1,26.2,72,51,1012.8,1012.7,15,13,No,No
2026-09-15,Bangalore,20.6,36.2,75,63,1012.5,1006.7,5,13,Yes,Yes
2026-09-16,Bangalore,22.3,44.2,57,85,1013.9,1012.9,10,6,No,No
2026-09-17,Kolkata,24.3,28.5,76,74,1005.5,1011.7,15,17,No,Yes
2026-09-18,Bangalore,20.5,38.8,58,70,1004.8,1001.3,5,17,Yes,Yes
2026-09-19,Bangalore,21.9,29.0,86,58,1011.2,998.8,11,8,Yes,No
2026-09-20,New Delhi,26.2,35.7,67,33,1006.5,1001.8,10,16,No,No
2026-09-21,Mumbai,15.6,26.9,79,34,1001.3,1005.9,18,21,Yes,No
2026-09-22,Chennai,18.8,34.0,59,40,1004.2,1000.6,6,6,Yes,No
2026-09-23,Bangalore,25.7,40.1,88,85,1006.3,1000.5,8,17,Yes,Yes
2026-09-24,Chennai,28.4,32.0,72,80,1004.4,1004.9,15,22,No,No
2026-09-25,Chennai,22.7,38.3,51,50,1005.0,998.5,19,19,No,No
2026-09-26,Mumbai,23.0,40.9,97,64,1004.4,999.8,22,12,No,No
2026-09-27,Kolkata,16.6,43.5,90,41,1000.6,1004.2,5,19,No,No
2026-09-28,Bangalore,21.7,29.7,54,55,1009.6,998.9,7,5,No,No
2026-09-29,Kolkata,23.0,33.0,80,80,1009.0,1004.0,7,24,No,Yes
2026-09-30,Kolkata,18.6,28.0,78,48,1009.8,1005.1,11,14,No,No
2026-10-01,New Delhi,19.0,44.8,41,74,1002.9,1004.8,5,16,Yes,Yes
2026-10-02,New Delhi,20.7,43.5,68,89,1004.4,1011.0,15,9,No,No
2026-10-03,Mumbai,15.3,35.8,80,36,1009.3,1006.0,10,13,No,No
2026-10-04,Chennai,19.8,41.8,49,76,1009.0,1005.0,24,12,Yes,No
2026-10-05,Mumbai,18.2,35.4,41,84,1007.6,1004.2,7,20,Yes,Yes
2026-10-06,Kolkata,19.9,37.5,90,36,1005.3,1010.3,23,18,Yes,No
2026-10-07,Kolkata,16.8,26.8,50,55,1013.7,1011.4,6,17,No,No
2026-10-08,Kolkata,28.4,40.1,52,69,1005.1,1010.8,22,17,Yes,Yes
2026-10-09,New Delhi,23.9,27.6,49,34,1006.8,1008.1,16,9,No,No
2026-10-10,New Delhi,25.2,41.5,53,50,1010.2,1000.1,14,20,No,No
2026-10-11,New Delhi,26.8,40.6,57,43,1008.1,1002.2,9,15,No,No
2026-10-12,Mumbai,22.5,39.2,90,33,1005.2,998.7,13,9,Yes,No
2026-10-13,New Delhi,16.3,25.7,93,52,1006.5,1012.0,6,17,Yes,No
2026-10-14,Mumbai,23.1,31.1,48,71,1011.9,1007.9,6,15,No,Yes
2026-10-15,Bangalore,23.8,30.3,96,49,1004.2,1009.2,10,23,No,No
2026-10-16,Kolkata,26.2,32.2,78,44,1002.1,1002.7,14,7,No,No
2026-10-17,Mumbai,21.5,26.8,67,79,1004.7,1010.7,22,19,Yes,Yes
2026-10-18,Bangalore,16.9,43.7,42,81,1012.7,1001.9,16,11,No,No
2026-10-19,New Delhi,19.3,36.1,59,74,1001.3,998.0,8,11,Yes,Yes
2026-10-20,New Delhi,20.4,31.1,45,58,1014.9,1003.6,21,10,No,No
2026-10-21,Bangalore,24.7,32.9,66,37,1008.1,1006.6,19,7,Yes,No
2026-10-22,Mumbai,23.6,33.9,92,70,1014.8,1005.2,10,17,No,No
2026-10-23,Bangalore,20.3,37.0,41,77,1014.1,1010.9,20,11,Yes,Yes
2026-10-24,New Delhi,29.8,35.3,68,48,1006.8,999.6,21,9,Yes,No
2026-10-25,Bangalore,24.1,43.4,77,77,1003.0,1006.3,7,22,Yes,Yes
2026-10-26,Chennai,18.6,34.9,42,68,1002.5,1005.7,14,12,Yes,Yes
2026-10-27,Mumbai,16.5,44.8,55,75,1003.6,1002.2,9,21,Yes,Yes
2026-10-28,Bangalore,17.3,42.0,69,57,1010.7,1010.3,18,24,Yes,No
2026-10-29,Bangalore,18.7,29.2,79,75,1004.1,1009.3,17,5,No,Yes
2026-10-30,Chennai,17.4,43.6,41,86,1005.1,1009.0,10,18,No,Yes
2026-10-31,New Delhi,17.8,27.3,56,56,1006.7,1011.1,16,21,No,No
2026-11-01,New Delhi,19.3,41.3,80,33,1013.7,1008.8,12,14,No,No
2026-11-02,Bangalore,17.6,32.6,51,87,1002.8,1001.5,9,16,Yes,Yes
2026-11-03,New Delhi,28.5,42.6,74,44,1000.1,1008.6,19,20,No,No
2026-11-04,Bangalore,16.2,42.4,82,64,1000.9,1002.6,20,18,Yes,No
2026-11-05,Chennai,22.9,41.1,40,66,1013.6,1001.6,5,20,Yes,Yes
2026-11-06,New Delhi,21.2,40.8,94,30,1009.7,999.1,20,12,Yes,No
2026-11-07,Kolkata,29.7,31.1,84,32,1004.1,1009.2,9,14,No,No
2026-11-08,Mumbai,16.7,26.6,54,76,1002.7,1008.7,7,21,Yes,Yes
2026-11-09,Chennai,21.0,33.1,65,53,1004.4,1001.5,24,22,No,No
2026-11-10,Bangalore,29.5,28.5,76,56,1001.7,1009.2,19,24,No,No
2026-11-11,New Delhi,28.0,38.9,60,69,1014.1,1011.8,17,20,No,No
2026-11-12,New Delhi,27.3,31.9,88,65,1011.8,999.6,20,21,No,No
2026-11-13,Bangalore,18.9,44.5,70,63,1006.9,1001.5,15,20,No,No
2026-11-14,Mumbai,17.6,37.8,64,58,1013.0,1009.3,6,23,Yes,No
2026-11-15,Chennai,25.0,41.4,62,53,1003.7,1002.1,10,12,Yes,No
2026-11-16,Bangalore,28.9,27.7,63,53,1010.8,1007.4,10,10,No,No
2026-11-17,Bangalore,23.4,42.2,96,71,1012.8,999.2,18,10,Yes,Yes
2026-11-18,Mumbai,23.6,43.5,77,33,1005.4,1004.8,15,13,No,No
2026-11-19,New Delhi,19.2,34.7,67,32,1011.4,1009.1,12,8,Yes,No
2026-11-20,Bangalore,26.5,37.1,60,63,1004.4,1008.3,12,16,Yes,Yes
2026-11-21,Kolkata,17.8,40.3,93,86,1004.5,1010.2,5,16,Yes,Yes
2026-11-22,Kolkata,19.9,28.5,82,78,1001.6,1011.2,11,21,Yes,No
2026-11-23,New Delhi,21.4,35.1,57,52,1006.6,1009.6,10,19,Yes,No
2026-11-24,Mumbai,22.6,33.0,75,82,1010.9,1008.1,12,13,Yes,Yes
2026-11-25,Mumbai,18.6,27.9,74,85,1014.1,998.5,23,11,Yes,Yes
2026-11-26,Bangalore,16.7,32.4,84,81,1009.1,1006.0,24,14,Yes,Yes
2026-11-27,Bangalore,24.2,26.4,94,52,1012.9,998.6,12,20,Yes,No
2026-11-28,Chennai,19.3,25.5,48,74,1012.3,1010.1,18,16,Yes,Yes
2026-11-29,Bangalore,23.7,27.7,92,34,1002.6,1002.8,22,11,Yes,No
2026-11-30,Mumbai,17.3,44.3,77,60,1007.3,1006.4,20,22,Yes,No
2026-12-01,Kolkata,22.2,36.0,97,82,1001.8,1002.2,13,19,Yes,Yes
2026-12-02,Bangalore,23.0,44.3,69,70,1010.2,1009.7,19,10,No,No
2026-12-03,Mumbai,15.8,33.6,99,86,1014.2,1011.3,14,16,Yes,Yes
2026-12-04,Bangalore,20.0,31.2,83,86,1002.1,1004.0,20,15,Yes,Yes
2026-12-05,Chennai,17.0,35.1,73,89,1011.0,1010.9,8,24,Yes,Yes
2026-12-06,New Delhi,16.0,33.8,71,83,1009.5,1002.0,24,7,Yes,Yes
2026-12-07,New Delhi,29.8,27.1,42,35,1008.8,1006.0,17,6,Yes,No
2026-12-08,Mumbai,19.8,37.8,42,66,1005.9,1010.9,9,10,Yes,Yes
2026-12-09,Chennai,27.1,29.3,67,86,1005.3,1002.9,11,9,No,Yes
2026-12-10,Mumbai,18.8,37.4,83,39,1000.7,1012.3,13,22,No,No
2026-12-11,Bangalore,25.2,38.0,54,69,1003.3,999.8,12,20,No,No
2026-12-12,Chennai,26.4,28.0,80,36,1000.2,998.3,20,12,Yes,No
2026-12-13,Mumbai,23.9,26.2,62,68,1008.7,1011.6,10,24,Yes,Yes
2026-12-14,Bangalore,22.1,40.6,79,67,1001.6,999.0,20,15,Yes,No
2026-12-15,Bangalore,21.2,34.2,50,50,1013.1,1012.9,10,14,No,No
2026-12-16,Chennai,20.2,26.2,87,49,1007.8,1012.3,18,16,Yes,No
2026-12-17,New Delhi,28.9,44.9,71,32,1010.5,1000.1,5,10,Yes,No
2026-12-18,Chennai,27.5,26.2,97,80,1006.2,1006.1,13,24,No,No
2026-12-19,Kolkata,29.5,38.9,98,51,1008.4,1000.8,17,9,No,No
2026-12-20,Kolkata,16.9,44.7,96,76,1014.1,1004.4,23,13,Yes,Yes
2026-12-21,New Delhi,26.0,29.8,93,33,1001.2,998.9,21,20,Yes,No
2026-12-22,Bangalore,29.1,27.8,75,57,1003.8,1001.4,15,18,Yes,No
2026-12-23,New Delhi,17.7,27.4,99,41,1011.7,1003.4,12,12,Yes,No
2026-12-24,Mumbai,16.0,31.1,72,67,1001.5,1004.6,9,24,No,No
2026-12-25,Bangalore,26.1,27.0,63,80,1001.1,1012.7,14,23,Yes,Yes
2026-12-26,Bangalore,23.6,38.8,78,65,1005.4,1010.1,11,18,Yes,Yes
2026-12-27,Bangalore,27.6,26.2,73,76,1001.4,1009.1,14,11,No,Yes
2026-12-28,Chennai,17.1,35.2,95,70,1008.8,1006.1,8,9,Yes,No
2026-12-29,Bangalore,26.9,44.9,67,34,1003.4,1010.6,13,22,Yes,No
2026-12-30,Bangalore,18.0,41.3,76,42,1013.4,1003.1,18,6,No,No
2026-12-31,Bangalore,17.5,37.3,46,52,1011.8,1008.6,6,15,No,No
2027-01-01,New Delhi,17.5,31.1,43,87,1010.5,1012.9,13,12,Yes,Yes
2027-01-02,Kolkata,27.2,37.5,76,79,1009.3,1002.7,5,5,No,No
2027-01-03,Bangalore,25.0,35.5,95,59,1013.0,1008.1,14,16,No,No
2027-01-04,New Delhi,22.8,33.5,40,66,1003.3,1010.7,14,6,Yes,No
2027-01-05,Chennai,20.4,27.6,40,54,1013.1,1011.7,24,22,No,No
2027-01-06,Chennai,28.2,42.7,86,77,1011.8,1008.8,7,11,Yes,Yes
2027-01-07,Kolkata,20.9,34.0,59,56,1011.2,1002.3,10,21,Yes,No
2027-01-08,Chennai,27.2,28.9,58,80,1008.4,1002.9,10,18,Yes,Yes
2027-01-09,Mumbai,21.6,32.4,68,43,1003.7,998.3,6,11,Yes,No
2027-01-10,Kolkata,20.7,33.3,49,86,1006.4,1009.4,22,7,No,No
2027-01-11,Chennai,21.9,41.6,99,77,1011.9,998.6,6,10,Yes,Yes
2027-01-12,Mumbai,19.5,39.7,57,88,1000.5,1011.0,16,24,Yes,Yes
2027-01-13,Chennai,26.2,40.4,67,76,1011.7,999.8,9,6,Yes,Yes
2027-01-14,Kolkata,22.5,25.2,74,83,1003.6,1000.6,24,21,Yes,Yes
2027-01-15,New Delhi,18.5,33.3,82,65,1002.2,1005.1,11,16,No,No
2027-01-16,Chennai,28.5,34.6,86,68,1001.7,1009.1,20,16,No,No
2027-01-17,New Delhi,20.8,25.4,70,45,1000.4,1000.1,24,21,No,No
2027-01-18,Kolkata,23.2,30.2,66,85,1007.9,1004.6,5,14,Yes,Yes
2027-01-19,Bangalore,28.6,40.2,50,51,1003.3,1005.2,5,7,No,No
2027-01-20,Mumbai,24.4,27.7,88,50,1014.8,1001.2,21,24,No,No
2027-01-21,Chennai,16.8,35.7,88,83,1008.6,999.7,5,22,Yes,Yes
2027-01-22,Kolkata,29.1,29.3,77,50,1002.1,1010.5,24,17,No,No
2027-01-23,Kolkata,24.4,25.2,44,37,1010.3,1005.5,17,16,Yes,No
2027-01-24,New Delhi,20.0,29.8,47,78,1013.5,998.2,13,21,No,Yes
2027-01-25,Bangalore,17.1,44.5,73,45,1011.2,1010.0,19,8,No,No
2027-01-26,Bangalore,26.9,41.0,87,88,1001.1,1012.7,7,14,No,No
2027-01-27,Chennai,24.3,44.2,91,84,1013.4,1007.1,18,15,No,No
2027-01-28,Chennai,23.0,34.8,95,60,1011.9,1005.6,15,10,Yes,No
2027-01-29,New Delhi,28.4,27.2,51,71,1002.4,1011.2,16,10,Yes,Yes
2027-01-30,Bangalore,26.8,36.0,77,39,1000.8,1012.3,17,13,No,No
2027-01-31,Kolkata,17.3,34.1,40,61,1008.4,1009.3,17,19,Yes,Yes
2027-02-01,Mumbai,19.7,41.9,70,88,1002.3,1004.7,5,6,No,Yes
2027-02-02,Chennai,18.7,27.0,43,63,1012.5,1006.9,14,8,No,No
2027-02-03,Chennai,26.2,34.8,88,38,1005.4,1008.5,7,9,No,No
2027-02-04,Mumbai,15.5,28.0,84,46,1013.7,1000.9,8,21,No,No
2027-02-05,Bangalore,23.5,31.5,89,40,1008.5,1004.7,20,12,No,No
2027-02-06,Mumbai,26.4,39.7,44,61,1002.7,1010.4,12,12,No,No
2027-02-07,Chennai,28.2,34.5,69,39,1002.1,1007.8,20,16,Yes,No
2027-02-08,Kolkata,20.1,32.5,95,51,1008.6,1004.2,21,12,Yes,No
2027-02-09,Mumbai,27.3,32.9,63,86,1011.4,1008.0,23,23,No,Yes
2027-02-10,Mumbai,16.7,34.2,98,46,1011.7,999.8,19,7,Yes,No
2027-02-11,Bangalore,27.7,40.7,42,33,1004.1,1004.0,20,22,No,No
2027-02-12,Bangalore,16.9,42.8,50,77,1003.1,1009.9,19,23,Yes,Yes
2027-02-13,Kolkata,21.0,44.1,84,81,1000.3,1001.3,6,23,Yes,Yes
2027-02-14,New Delhi,27.0,40.7,43,76,1010.2,1000.8,15,19,Yes,Yes
2027-02-15,New Delhi,17.2,31.3,65,54,1001.1,1012.3,5,10,No,No
2027-02-16,Kolkata,18.4,38.8,66,88,1006.3,1001.1,19,20,Yes,Yes
2027-02-17,Chennai,25.8,33.8,85,50,1009.0,1001.9,23,12,No,No
2027-02-18,Mumbai,25.8,30.1,93,66,1014.1,1012.5,8,20,No,No
2027-02-19,Bangalore,24.6,41.8,82,67,1004.7,1009.0,15,22,No,No
2027-02-20,Bangalore,25.4,25.8,66,78,1003.7,1008.5,9,24,Yes,Yes
2027-02-21,Chennai,23.1,43.0,81,30,1009.8,1010.8,7,20,Yes,No
2027-02-22,Bangalore,18.8,34.2,90,54,1009.3,999.7,17,15,Yes,No
2027-02-23,Mumbai,20.2,37.7,89,80,1005.0,1008.6,14,11,No,No
2027-02-24,Kolkata,17.7,38.2,45,65,1013.9,1005.6,15,21,No,No
2027-02-25,Mumbai,28.6,42.9,98,46,1012.7,1010.4,22,21,Yes,No
2027-02-26,New Delhi,23.8,37.7,54,70,1003.4,1005.6,6,16,No,No
2027-02-27,Bangalore,21.0,37.3,92,53,1003.6,1007.3,11,17,Yes,No
2027-02-28,Kolkata,21.9,26.3,69,31,1007.7,1005.2,13,14,Yes,No
2027-03-01,Chennai,29.2,35.4,81,69,1011.6,1005.2,14,11,Yes,Yes
2027-03-02,New Delhi,17.3,28.0,76,44,1000.7,1009.5,22,18,Yes,No
2027-03-03,Chennai,23.8,39.7,97,61,1010.4,1007.4,11,5,No,No
2027-03-04,Chennai,22.6,35.2,76,68,1009.7,1007.5,11,21,Yes,Yes
2027-03-05,Kolkata,24.2,38.6,81,88,1003.5,1004.8,7,8,Yes,No
2027-03-06,Chennai,15.3,25.8,99,35,1010.2,1006.0,16,9,Yes,No
2027-03-07,New Delhi,28.1,26.7,76,30,1014.1,1009.2,11,24,Yes,No
2027-03-08,Chennai,29.0,39.3,74,76,1000.7,1010.4,21,11,Yes,Yes
2027-03-09,Chennai,23.5,26.4,62,52,1004.8,1008.4,5,14,Yes,No
2027-03-10,Mumbai,25.4,26.4,45,87,1006.6,1011.9,9,21,Yes,Yes
2027-03-11,Mumbai,28.8,25.2,43,68,1013.5,1010.3,20,11,No,No
2027-03-12,Chennai,25.6,44.1,57,86,1014.4,1006.4,19,5,No,Yes
2027-03-13,Kolkata,17.3,39.8,99,46,1006.7,1008.1,6,11,No,No
2027-03-14,Kolkata,23.6,32.1,48,63,1011.3,1011.9,13,15,No,No
2027-03-15,Kolkata,24.1,30.9,88,88,1008.0,1007.3,11,13,Yes,Yes
2027-03-16,Bangalore,21.4,32.0,68,70,1008.1,1010.4,8,16,No,No
2027-03-17,New Delhi,26.0,40.5,52,58,1004.2,1008.3,24,7,No,No
2027-03-18,Bangalore,29.0,38.2,98,38,1003.3,1006.3,22,8,No,No
2027-03-19,Chennai,28.9,28.7,86,42,1004.3,1001.6,8,8,Yes,No
2027-03-20,Mumbai,21.8,28.5,91,35,1008.3,1004.4,17,17,No,No
2027-03-21,Bangalore,16.7,27.0,56,35,1000.4,1012.5,5,23,No,No
2027-03-22,New Delhi,29.8,38.2,84,49,1013.6,1007.9,7,14,Yes,No
2027-03-23,Bangalore,27.6,40.3,71,81,1002.3,1006.5,20,9,No,No
2027-03-24,Kolkata,16.9,30.3,87,82,1003.3,1012.0,8,11,Yes,Yes
2027-03-25,Chennai,28.8,25.4,61,32,1007.8,1006.8,20,20,No,No
2027-03-26,Kolkata,28.0,26.6,43,46,1010.7,1005.9,23,5,Yes,No
2027-03-27,Mumbai,22.8,44.4,44,78,1001.4,1009.4,5,16,No,Yes
2027-03-28,Mumbai,23.9,30.9,76,41,1004.8,1008.7,9,6,No,No
2027-03-29,Mumbai,21.0,40.4,80,77,1014.5,1000.9,23,11,No,Yes
2027-03-30,Mumbai,15.8,37.5,88,76,1003.9,1005.1,15,15,Yes,Yes
2027-03-31,Bangalore,20.0,32.6,52,74,1004.7,1005.1,17,17,No,Yes
2027-04-01,Chennai,27.0,29.1,73,84,1012.5,1003.7,24,6,Yes,Yes
2027-04-02,Chennai,15.1,27.4,84,30,1000.8,1005.8,9,11,Yes,No
2027-04-03,New Delhi,20.0,37.3,61,46,1007.0,1004.2,8,19,Yes,No
2027-04-04,Kolkata,21.0,40.5,92,32,1005.7,1001.0,8,15,Yes,No
2027-04-05,New Delhi,23.1,37.9,98,55,1004.7,1004.2,8,6,No,No
2027-04-06,Bangalore,28.8,35.6,62,44,1004.3,999.1,8,11,No,No
2027-04-07,Mumbai,20.2,25.8,90,65,1001.4,1006.6,24,8,No,No
2027-04-08,New Delhi,20.2,44.4,42,61,1004.7,1010.8,22,15,Yes,Yes
2027-04-09,Kolkata,26.1,41.0,81,61,1000.6,1008.9,22,6,No,No
2027-04-10,Kolkata,21.8,30.9,73,33,1011.7,1003.4,20,20,Yes,No
2027-04-11,Chennai,18.4,44.6,71,47,1006.0,999.3,13,11,Yes,No
2027-04-12,Bangalore,21.8,37.0,84,78,1006.7,1001.0,22,17,Yes,Yes
2027-04-13,Bangalore,17.1,36.6,90,48,1013.4,1006.2,6,9,No,No
2027-04-14,Bangalore,17.6,40.0,97,72,1009.9,1001.1,8,21,No,Yes
2027-04-15,Kolkata,22.5,41.2,88,81,1000.1,1006.2,16,16,Yes,Yes
2027-04-16,Kolkata,21.3,38.1,60,64,1014.1,1001.5,11,23,No,No
2027-04-17,Mumbai,28.7,27.6,85,69,1003.6,1010.7,19,11,No,No
2027-04-18,Kolkata,20.4,31.8,83,43,1001.6,1004.0,11,10,Yes,No
2027-04-19,Bangalore,23.7,43.6,60,87,1011.5,1001.7,21,12,Yes,Yes
2027-04-20,New Delhi,24.5,29.5,83,62,1007.5,1010.2,20,17,No,No
2027-04-21,Mumbai,15.2,32.4,50,43,1006.5,1003.1,23,9,Yes,No
2027-04-22,Mumbai,25.0,33.6,78,63,1003.7,999.7,13,6,Yes,Yes
2027-04-23,Mumbai,17.7,33.8,43,84,1008.2,1006.6,18,13,No,No
2027-04-24,Kolkata,29.4,37.3,90,33,1004.1,1006.7,21,15,No,No
2027-04-25,Bangalore,17.2,43.9,40,53,1013.5,1008.7,9,10,Yes,No
2027-04-26,Chennai,21.2,29.8,67,88,1003.2,1001.6,6,11,No,No
2027-04-27,New Delhi,16.3,27.4,63,58,1013.3,1004.7,24,11,Yes,No
2027-04-28,Bangalore,30.0,28.9,74,48,1008.4,1002.2,20,23,Yes,No
2027-04-29,New Delhi,22.5,42.7,52,35,1012.4,999.2,18,10,No,No
2027-04-30,Kolkata,23.9,37.9,86,86,1010.7,1011.1,18,15,Yes,Yes
2027-05-01,New Delhi,16.0,30.7,73,62,1010.5,1008.9,5,15,Yes,No
2027-05-02,New Delhi,26.2,41.3,50,78,1004.9,1002.5,7,11,Yes,Yes
2027-05-03,Chennai,18.1,42.2,75,69,1003.5,1007.0,11,6,No,No
2027-05-04,Mumbai,28.5,41.9,90,48,1003.2,1001.0,19,23,No,No
2027-05-05,Bangalore,18.1,43.4,56,82,1012.9,1011.4,23,8,No,No
2027-05-06,Bangalore,17.9,30.0,74,30,1012.3,999.7,24,10,Yes,No
2027-05-07,Kolkata,15.5,40.1,99,34,1006.6,998.1,6,21,Yes,No
2027-05-08,Mumbai,22.1,34.2,57,56,1002.0,1005.5,23,9,No,No
2027-05-09,New Delhi,23.5,41.8,79,45,1005.7,1006.7,13,11,No,No
2027-05-10,Chennai,16.0,39.6,61,35,1009.3,1006.7,23,13,No,No
2027-05-11,Kolkata,26.6,40.5,96,69,1006.8,998.8,9,5,Yes,No
2027-05-12,Kolkata,21.8,38.1,63,42,1011.7,1002.7,22,5,No,No
2027-05-13,Kolkata,22.9,28.5,97,77,1015.0,1005.5,20,23,Yes,Yes
2027-05-14,Chennai,21.6,35.9,58,64,1002.9,1001.2,8,10,No,No
2027-05-15,Chennai,21.0,44.7,76,48,1006.9,1011.1,16,22,Yes,No
2027-05-16,Kolkata,23.4,43.7,78,41,1006.5,999.3,11,14,Yes,No
2027-05-17,Mumbai,17.3,25.9,60,45,1004.6,1005.3,18,15,No,No
2027-05-18,Kolkata,17.7,28.3,47,88,1003.0,1008.4,16,5,Yes,Yes
2027-05-19,Mumbai,27.9,27.6,67,72,1001.0,1001.9,7,5,No,No
2027-05-20,Mumbai,29.2,39.5,44,39,1013.3,1007.4,9,17,Yes,No
2027-05-21,Mumbai,20.6,41.4,56,54,1006.3,1010.4,21,9,Yes,No
2027-05-22,Kolkata,19.1,29.3,76,49,1007.5,1000.9,14,24,No,No
2027-05-23,Kolkata,24.7,35.1,75,60,1013.8,1011.8,14,5,Yes,No
2027-05-24,Chennai,21.1,41.8,93,33,1011.6,1006.3,15,24,No,No
2027-05-25,Bangalore,15.4,39.7,58,73,1002.0,1002.5,21,7,No,Yes
2027-05-26,Bangalore,17.3,35.8,66,52,1008.5,1004.5,9,22,No,No
2027-05-27,New Delhi,25.7,36.8,92,31,1006.6,1002.7,17,13,Yes,No
2027-05-28,Chennai,24.9,35.2,73,85,1012.0,1008.9,14,18,Yes,Yes
2027-05-29,Chennai,15.4,31.0,50,51,1010.9,1009.9,13,21,Yes,No
2027-05-30,New Delhi,18.3,36.3,93,80,1010.4,1010.5,21,18,No,No
2027-05-31,Chennai,18.5,38.8,84,86,1005.1,1012.8,5,8,No,Yes
2027-06-01,Bangalore,25.1,42.5,86,66,1012.1,1009.9,8,9,Yes,Yes
2027-06-02,Chennai,15.3,37.7,51,37,1000.8,1007.0,8,21,Yes,No
2027-06-03,Kolkata,16.6,40.2,93,36,1002.4,1003.1,22,6,No,No
2027-06-04,Mumbai,27.0,28.2,60,43,1005.0,1006.2,13,9,Yes,No
2027-06-05,Kolkata,17.7,34.2,93,85,1001.2,998.6,22,8,No,No
2027-06-06,Kolkata,24.8,25.2,50,84,1003.5,1009.2,18,8,Yes,Yes
2027-06-07,Chennai,18.6,29.9,78,32,1012.5,1004.7,19,10,No,No
2027-06-08,Mumbai,16.5,39.5,67,79,1014.2,998.3,10,24,Yes,Yes
2027-06-09,Kolkata,18.6,44.8,44,45,1004.6,998.9,14,17,Yes,No
2027-06-10,Kolkata,25.8,27.0,56,84,1004.0,1003.8,19,9,No,No
2027-06-11,Mumbai,27.8,33.0,95,48,1004.2,1006.8,8,11,No,No
2027-06-12,Bangalore,27.5,41.0,59,80,1004.2,1005.0,22,24,No,Yes
2027-06-13,Bangalore,21.0,29.1,80,47,1000.5,1007.3,22,5,Yes,No
2027-06-14,Mumbai,25.0,36.1,85,81,1013.9,1005.2,21,18,No,Yes
2027-06-15,Bangalore,18.1,39.7,97,45,1003.2,1007.9,16,8,No,No
2027-06-16,Mumbai,19.4,37.3,51,37,1006.3,1001.3,11,21,Yes,No
2027-06-17,Kolkata,28.4,28.8,45,89,1000.1,999.7,20,18,No,Yes
2027-06-18,New Delhi,15.2,32.1,56,62,1012.9,1006.9,15,20,No,No
2027-06-19,New Delhi,16.3,40.7,90,78,1011.0,1005.3,18,18,No,Yes
2027-06-20,Bangalore,18.1,36.1,58,41,1014.2,998.4,7,20,Yes,No
2027-06-21,Kolkata,15.4,25.1,65,82,1011.7,1003.7,23,24,Yes,Yes
2027-06-22,Mumbai,17.7,40.2,87,40,1004.7,999.6,22,12,Yes,No
2027-06-23,Mumbai,23.7,25.7,83,34,1003.7,1006.0,14,7,No,No
2027-06-24,Bangalore,21.3,39.9,83,56,1010.5,1003.9,10,23,Yes,No
2027-06-25,Bangalore,28.4,29.0,91,41,1005.5,1007.2,17,5,No,No
2027-06-26,Bangalore,27.3,44.2,71,46,1008.5,1010.1,14,6,No,No
2027-06-27,Chennai,20.1,32.4,45,35,1000.1,1002.5,22,19,No,No
2027-06-28,Chennai,18.9,31.5,94,62,1000.9,1012.4,24,14,Yes,Yes
2027-06-29,New Delhi,20.7,28.0,97,34,1008.0,1006.0,20,22,Yes,No
2027-06-30,Bangalore,23.9,31.1,75,86,1008.5,1007.3,10,18,No,No
2027-07-01,Kolkata,19.0,42.5,77,57,1011.3,1008.2,17,21,No,No
2027-07-02,Kolkata,24.4,44.9,50,43,1002.0,1008.0,8,17,Yes,No
2027-07-03,Kolkata,21.1,32.4,72,34,1007.7,1005.7,18,5,Yes,No
2027-07-04,Bangalore,23.3,34.0,63,83,1002.9,1004.4,5,9,Yes,Yes
2027-07-05,Bangalore,21.5,39.4,62,85,1001.4,998.8,24,17,No,Yes
2027-07-06,New Delhi,19.4,42.7,54,88,1006.2,998.3,9,18,Yes,Yes
2027-07-07,Chennai,29.2,36.9,66,62,1002.5,1003.4,12,7,Yes,Yes
2027-07-08,Chennai,26.5,32.8,50,79,1003.3,1003.0,16,19,Yes,No
2027-07-09,Kolkata,17.1,33.3,96,77,1004.8,1003.8,6,23,No,No
2027-07-10,Chennai,28.0,38.9,90,70,1003.9,1000.1,16,21,Yes,Yes
2027-07-11,New Delhi,22.3,25.1,89,48,1001.3,1009.1,9,7,No,No
2027-07-12,Bangalore,28.4,37.4,56,51,1001.3,1010.9,9,20,No,No
2027-07-13,Mumbai,27.0,32.1,90,34,1002.9,1012.1,17,18,No,No
2027-07-14,Chennai,21.4,40.9,92,88,1000.8,1005.4,13,16,Yes,Yes
2027-07-15,Chennai,15.3,26.9,53,31,1009.4,1008.5,14,16,Yes,No
2027-07-16,Kolkata,19.0,36.8,66,59,1004.3,1010.8,5,15,Yes,No
2027-07-17,Bangalore,23.1,34.6,57,76,1004.2,1004.3,7,21,No,No
2027-07-18,Kolkata,24.5,37.8,67,68,1005.0,1002.6,22,12,Yes,Yes
2027-07-19,Chennai,18.9,26.3,90,33,1009.9,1012.1,16,21,No,No
2027-07-20,Mumbai,17.1,36.6,86,62,1013.1,1005.7,7,24,Yes,Yes
2027-07-21,New Delhi,27.5,36.2,86,42,1011.4,1005.5,13,15,Yes,No
2027-07-22,New Delhi,29.8,36.2,43,49,1010.9,1000.7,6,6,Yes,No
2027-07-23,Bangalore,22.9,37.1,46,83,1007.3,999.6,7,14,Yes,Yes
2027-07-24,New Delhi,17.6,38.5,84,36,1010.4,1010.6,18,14,No,No
2027-07-25,Bangalore,19.1,41.1,74,44,1008.3,1007.2,8,15,No,No
2027-07-26,Kolkata,15.3,30.4,87,52,1003.2,1002.9,23,10,No,No
2027-07-27,Kolkata,28.7,41.5,48,43,1003.1,1000.9,17,8,No,No
2027-07-28,Mumbai,16.8,35.0,47,52,1004.4,1006.3,11,16,Yes,No
2027-07-29,New Delhi,23.6,26.5,91,48,1013.7,1006.8,16,15,No,No
2027-07-30,New Delhi,19.1,26.2,84,83,1008.2,1001.1,7,17,No,No
2027-07-31,Chennai,23.3,31.7,56,58,1011.0,1010.8,13,9,No,No
2027-08-01,Chennai,24.8,40.7,56,85,1005.2,999.3,6,10,Yes,Yes
2027-08-02,Mumbai,27.4,39.2,88,49,1006.1,1003.3,13,5,No,No
2027-08-03,Kolkata,18.1,40.8,72,58,1001.9,1008.2,16,10,No,No
2027-08-04,Mumbai,15.2,35.3,71,53,1002.6,1002.1,16,22,Yes,No
2027-08-05,New Delhi,17.1,33.8,47,47,1012.4,1010.4,19,13,Yes,No
2027-08-06,Mumbai,28.5,27.9,58,39,1008.8,1009.1,6,19,No,No
2027-08-07,Chennai,28.1,31.6,77,70,1005.1,1009.8,22,12,No,No
2027-08-08,New Delhi,24.0,33.7,42,86,1012.0,999.8,17,23,Yes,Yes
2027-08-09,Chennai,24.0,26.8,98,37,1003.7,1000.1,18,20,No,No
2027-08-10,Mumbai,25.0,29.4,44,55,1014.6,1002.3,9,10,Yes,No
2027-08-11,Mumbai,17.6,37.0,52,58,1005.2,1005.8,14,10,No,No
2027-08-12,Chennai,28.7,39.7,86,39,1005.1,1009.2,16,7,No,No
2027-08-13,Bangalore,21.3,45.0,85,46,1004.7,1010.5,14,14,No,No
2027-08-14,Kolkata,20.7,43.7,70,31,1001.8,1008.6,15,5,No,No
2027-08-15,Chennai,22.8,37.9,94,35,1001.7,1011.9,6,18,No,No
2027-08-16,Bangalore,15.7,33.4,55,87,1009.7,1009.1,9,8,Yes,Yes
2027-08-17,New Delhi,17.5,37.7,89,34,1013.1,1002.6,11,16,Yes,No
2027-08-18,Kolkata,26.1,40.7,71,57,1011.9,1002.0,10,10,No,No
2027-08-19,New Delhi,16.2,27.4,61,70,1002.1,1008.4,7,15,No,No
2027-08-20,Bangalore,24.0,33.2,68,34,1008.2,1000.9,17,16,No,No
2027-08-21,Chennai,18.7,41.8,61,47,1001.6,999.4,7,14,Yes,No
2027-08-22,Mumbai,20.8,32.7,82,55,1000.7,1006.0,10,22,Yes,No
2027-08-23,Mumbai,19.3,36.4,42,49,1009.8,1010.3,15,11,Yes,No
2027-08-24,New Delhi,20.3,36.8,93,70,1008.0,999.5,21,11,Yes,Yes
2027-08-25,Kolkata,25.8,28.7,49,78,1001.2,1009.9,14,15,Yes,Yes
2027-08-26,Bangalore,19.5,32.2,81,56,1000.5,1010.2,16,8,Yes,No
2027-08-27,Kolkata,23.5,31.7,60,78,1014.8,1005.2,21,24,Yes,Yes
2027-08-28,Mumbai,22.1,25.5,55,41,1000.5,998.9,8,5,Yes,No
2027-08-29,Bangalore,25.0,25.5,51,36,1006.7,1000.6,6,17,No,No
2027-08-30,Chennai,29.1,41.6,41,88,1007.6,1008.6,15,22,Yes,Yes
2027-08-31,New Delhi,26.0,30.5,80,32,1001.8,1008.7,11,13,Yes,No
2027-09-01,Mumbai,18.2,35.4,63,39,1002.5,1011.5,6,13,Yes,No
2027-09-02,Chennai,15.5,31.0,74,63,1005.3,1006.7,22,13,Yes,Yes
2027-09-03,Chennai,18.9,43.8,95,54,1011.4,999.9,8,14,No,No
2027-09-04,Bangalore,23.9,30.2,69,64,1007.6,999.8,12,6,Yes,Yes
2027-09-05,Kolkata,15.8,33.6,96,45,1009.6,1008.8,24,10,No,No
2027-09-06,New Delhi,22.4,42.5,69,31,1014.8,1000.8,18,19,No,No
2027-09-07,New Delhi,24.0,41.8,86,89,1011.5,1002.9,16,7,No,No
2027-09-08,Kolkata,20.0,28.7,74,53,1006.5,1005.3,22,15,Yes,No
2027-09-09,Bangalore,26.6,41.1,58,39,1006.7,998.4,15,10,Yes,No
2027-09-10,Chennai,16.6,34.2,89,67,1009.3,1001.7,12,7,Yes,Yes
2027-09-11,Kolkata,16.1,34.7,47,51,1010.0,1004.1,6,15,No,No
2027-09-12,New Delhi,25.9,27.7,65,55,1007.5,1002.2,19,19,No,No
2027-09-13,New Delhi,22.4,26.6,88,72,1009.7,1000.0,13,17,No,No
2027-09-14,Mumbai,25.3,39.6,79,84,1000.4,1008.9,23,24,No,Yes
2027-09-15,Mumbai,21.5,34.9,46,68,1006.4,1010.2,24,14,Yes,Yes
2027-09-16,Chennai,18.7,33.7,69,56,1004.2,1001.9,12,10,Yes,No
2027-09-17,Kolkata,27.3,39.6,46,58,1001.9,1009.6,23,19,Yes,No
2027-09-18,Bangalore,27.0,40.3,42,76,1001.5,1003.8,9,22,No,No
2027-09-19,New Delhi,25.4,28.2,40,67,1009.0,1005.6,15,22,No,No
2027-09-20,Bangalore,19.1,37.2,75,49,1007.9,1010.8,19,11,Yes,No
2027-09-21,New Delhi,23.9,27.7,64,56,1003.8,1009.2,12,19,Yes,No
2027-09-22,New Delhi,20.4,40.0,76,70,1007.1,1010.1,23,22,No,No
2027-09-23,Chennai,16.4,38.1,40,83,1007.4,1000.1,12,22,Yes,Yes
2027-09-24,Chennai,28.8,44.1,54,49,1002.9,999.0,23,24,Yes,No
2027-09-25,New Delhi,17.1,26.4,76,73,1009.8,1011.4,22,13,No,No
2027-09-26,Bangalore,29.3,26.1,52,48,1011.7,1003.8,14,6,No,No
2027-09-27,Bangalore,21.7,30.6,79,49,1011.9,1002.3,11,12,No,No
